id,article_id,title,description,image_url,created_at,updated_at,deleted_at
1,ART0001,First heavy sleep some she they.,Gifted man where. Today racism it.,https://picsum.photos/640/480,2024-01-28 14:42:26.000,2024-06-15 13:03:35.696,
2,ART0001,She whose whose which am which.,Tighten we unlock. Everyone gang great.,https://picsum.photos/640/480,2024-04-21 08:14:39.000,2024-06-15 13:03:35.700,
3,ART0002,Whose of into all scarcely her.,Themselves someone anyone. Whomever child heavily.,https://picsum.photos/640/480,2024-01-19 04:11:55.000,2024-06-15 13:03:35.703,2024-06-20 06:40:09.142
4,ART0002,Crawl his to besides next that.,That ring were. Up stay dangerous.,https://picsum.photos/640/480,2024-06-13 07:28:32.000,2024-06-15 13:03:35.708,2024-06-20 06:40:09.142
5,ART0002,Within Welsh why what instance hug.,But left when. Sometimes honestly boy.,https://picsum.photos/640/480,2024-05-17 19:37:46.000,2024-06-15 13:03:35.713,2024-06-20 06:40:09.142
6,ART0002,Besides hail consequently none whose contrast.,Example group consequently. Play near notice.,https://picsum.photos/640/480,2024-02-29 11:58:00.000,2024-06-15 13:03:35.717,2024-06-20 06:40:09.142
7,ART0003,Quarterly strongly distinct then that bevy.,Hurt Victorian into. You these these.,https://picsum.photos/640/480,2024-06-24 12:07:36.000,2024-06-15 13:03:35.720,2024-06-19 21:46:24.632
8,ART0003,One that all before light each.,Daily nevertheless dynasty. Numerous in deeply.,https://picsum.photos/640/480,2024-01-31 20:18:23.000,2024-06-15 13:03:35.724,2024-06-19 21:46:24.632
9,ART0004,Scold yesterday tough quickly nevertheless our.,Soup an unless. Because previously gain.,https://picsum.photos/640/480,2024-03-18 10:02:52.000,2024-06-15 13:03:35.728,
10,ART0004,Later whom huge bunch mob ourselves.,Why week muster. Angrily were unusual.,https://picsum.photos/640/480,2024-06-07 09:29:07.000,2024-06-15 13:03:35.732,
11,ART0004,It mirror is had sneeze soon.,Throughout upon tomorrow. Huh for from.,https://picsum.photos/640/480,2024-01-04 12:33:27.000,2024-06-15 13:03:35.736,
12,ART0004,Moreover many voice ingeniously then hang.,This trade these. Seldom why smell.,https://picsum.photos/640/480,2024-05-13 00:37:55.000,2024-06-15 13:03:35.740,
13,ART0004,Annually does hail outside wave it.,Neither next since. Though fact I.,https://picsum.photos/640/480,2024-04-09 16:04:01.000,2024-06-15 13:03:35.743,
14,ART0005,Was fall village could is comfort.,Aid those few. Next our climb.,https://picsum.photos/640/480,2024-01-03 03:24:36.000,2024-06-15 13:03:35.749,
15,ART0005,Opposite hers one brightly blindly here.,His when shock. There ourselves gleaming.,https://picsum.photos/640/480,2024-02-01 14:29:00.000,2024-06-15 13:03:35.752,
16,ART0005,Before rarely did flock every box.,Piano jump their. Then farm how.,https://picsum.photos/640/480,2024-04-05 07:31:34.000,2024-06-15 13:03:35.757,
17,ART0006,Themselves someone this play why another.,Bale up onto. Alternatively several lie.,https://picsum.photos/640/480,2024-05-22 14:33:29.000,2024-06-15 13:03:35.761,
18,ART0006,Eventually Amazonian library band constantly this.,Monthly work other. Anybody crew those.,https://picsum.photos/640/480,2024-06-26 19:02:16.000,2024-06-15 13:03:35.765,
19,ART0006,Hitlerian live above several those government.,Empty rhythm your. Body him few.,https://picsum.photos/640/480,2024-06-13 13:57:24.000,2024-06-15 13:03:35.770,
20,ART0006,Elegantly my that heavily contrast dolphin.,How gang from. Fatally cloud its.,https://picsum.photos/640/480,2024-03-18 09:39:17.000,2024-06-15 13:03:35.775,
21,ART0006,Chair regularly case them over with.,Due person posse. Fortnightly who me.,https://picsum.photos/640/480,2024-05-22 09:40:20.000,2024-06-15 13:03:35.784,
22,ART0007,When sleepy energetic few lastly myself.,Up from everybody. Whenever problem simply.,https://picsum.photos/640/480,2024-02-24 02:31:11.000,2024-06-15 13:03:35.788,2024-06-20 06:24:09.626
23,ART0007,Indeed posse be sedge anything an.,Ours somebody hat. Pride yesterday buy.,https://picsum.photos/640/480,2024-06-01 21:40:50.000,2024-06-15 13:03:35.792,2024-06-20 06:24:09.626
24,ART0007,How party where provided without it.,Today bother weekly. Just yearly class.,https://picsum.photos/640/480,2024-02-29 13:49:46.000,2024-06-15 13:03:35.796,2024-06-20 06:24:09.626
25,ART0008,Nest out whose case comfort but.,That eye what. Wash ouch our.,https://picsum.photos/640/480,2024-02-06 07:07:31.000,2024-06-15 13:03:35.800,
26,ART0008,Place dynasty freedom through emerge Vietnamese.,Who another African. Where vivaciously those.,https://picsum.photos/640/480,2024-01-28 11:56:07.000,2024-06-15 13:03:35.804,
27,ART0008,Dizzying our bless some am generally.,Enthusiastically quarterly herself. Whom near she.,https://picsum.photos/640/480,2024-03-21 22:08:09.000,2024-06-15 13:03:35.808,
28,ART0008,Hmm in stairs hilarious where hmm.,Theirs frequently we. Next above tomorrow.,https://picsum.photos/640/480,2024-01-07 03:21:13.000,2024-06-15 13:03:35.812,
29,ART0009,Mine out which our annually those.,Hmm because me. Every anything it.,https://picsum.photos/640/480,2024-02-29 09:11:02.000,2024-06-15 13:03:35.816,
30,ART0009,Might whose these infrequently Mayan our.,Contrast when door. Never as its.,https://picsum.photos/640/480,2024-06-05 19:42:35.000,2024-06-15 13:03:35.820,
31,ART0009,Next coldness poverty normally who cut.,Nobody sternly theirs. Galaxy neither where.,https://picsum.photos/640/480,2024-04-09 00:48:48.000,2024-06-15 13:03:35.824,
32,ART0009,Conditioner pause same it alligator pink.,Herself neither terribly. Sadly been I.,https://picsum.photos/640/480,2024-04-13 07:12:56.000,2024-06-15 13:03:35.828,
33,ART0010,Day yearly occasionally formerly other his.,Then should has. Example whichever their.,https://picsum.photos/640/480,2024-04-11 06:50:35.000,2024-06-15 13:03:35.832,
34,ART0010,Which lots horror ever harm where.,Over each harvest. Ride no into.,https://picsum.photos/640/480,2024-04-01 10:17:32.000,2024-06-15 13:03:35.836,
35,ART0010,Whoever but bathe early few occasion.,Patrol e.g. gladly. Horde first Hindu.,https://picsum.photos/640/480,2024-03-25 05:13:59.000,2024-06-15 13:03:35.841,
36,ART0011,For lastly firstly you sleep it.,Motor recently though. None permission his.,https://picsum.photos/640/480,2024-03-07 03:44:14.000,2024-06-15 13:03:35.847,2024-06-20 06:51:05.865
37,ART0011,Whoever Gaussian since butter hers whose.,Anything fan comfort. Then whom eagerly.,https://picsum.photos/640/480,2024-03-19 11:09:59.000,2024-06-15 13:03:35.852,2024-06-20 06:51:05.865
38,ART0011,Soon munch spite elsewhere group everyone.,Lips it has. Stream themselves where.,https://picsum.photos/640/480,2024-05-26 18:35:11.000,2024-06-15 13:03:35.856,2024-06-20 06:51:05.865
39,ART0011,Off before behind whomever calm his.,Where table how. Darwinian somebody Colombian.,https://picsum.photos/640/480,2024-05-26 09:30:02.000,2024-06-15 13:03:35.859,2024-06-20 06:51:05.865
40,ART0011,Me congregation despite either team theirs.,Them its gently. Yourselves certain your.,https://picsum.photos/640/480,2024-01-23 09:59:19.000,2024-06-15 13:03:35.863,2024-06-20 06:51:05.865
41,ART0012,In why of rarely them end.,Now education orchard. Safely mine yet.,https://picsum.photos/640/480,2024-04-02 23:31:30.000,2024-06-15 13:03:35.868,
42,ART0012,Which everybody never so mine itchy.,Them generally then. Turkey street there.,https://picsum.photos/640/480,2024-05-07 02:33:34.000,2024-06-15 13:03:35.872,
43,ART0013,You who these those its being.,How to crow. Wash normally theirs.,https://picsum.photos/640/480,2024-01-18 12:40:37.000,2024-06-15 13:03:35.876,
44,ART0013,Rather of tomorrow next everything which.,Often aggravate can. Ill hey yearly.,https://picsum.photos/640/480,2024-05-30 05:36:14.000,2024-06-15 13:03:35.881,
45,ART0013,Why orchard all off eat turkey.,Loneliness these outfit. Mine all that.,https://picsum.photos/640/480,2024-01-10 16:32:17.000,2024-06-15 13:03:35.885,
46,ART0013,Today envy company into hundreds most.,You fact might. Him ability where.,https://picsum.photos/640/480,2024-03-22 18:57:51.000,2024-06-15 13:03:35.889,
47,ART0013,Bunch these brain fly yours rarely.,Some of logic. Congregation imagination what.,https://picsum.photos/640/480,2024-01-06 22:55:39.000,2024-06-15 13:03:35.893,
48,ART0014,Finally due our since apart those.,Fear choker his. One been barely.,https://picsum.photos/640/480,2024-03-13 04:09:51.000,2024-06-15 13:03:35.898,
49,ART0014,Lots how an composer away us.,Was great her. Break my hundred.,https://picsum.photos/640/480,2024-01-04 13:14:53.000,2024-06-15 13:03:35.902,
50,ART0014,Consequently stemmed these what sorrow fact.,Fear instance is. Congregation which health.,https://picsum.photos/640/480,2024-04-23 20:51:58.000,2024-06-15 13:03:35.907,
51,ART0014,Most meanwhile them usually along hers.,Stealthily shall their. Have hers they.,https://picsum.photos/640/480,2024-02-28 01:40:29.000,2024-06-15 13:03:35.911,
52,ART0014,However hourly when shout but place.,Yours there ourselves. Catalog yesterday ours.,https://picsum.photos/640/480,2024-03-31 19:38:36.000,2024-06-15 13:03:35.915,
53,ART0015,Into now cackle man enormously herself.,Its are Portuguese. Wrack library which.,https://picsum.photos/640/480,2024-02-27 14:09:53.000,2024-06-15 13:03:35.919,
54,ART0015,Gee we musician by happiness had.,Upon several now. Mine politely comfort.,https://picsum.photos/640/480,2024-01-07 10:45:26.000,2024-06-15 13:03:35.923,
55,ART0016,Sometimes company niche Barbadian formerly secondly.,Of example love. Moreover since outside.,https://picsum.photos/640/480,2024-06-28 14:13:25.000,2024-06-15 13:03:35.928,
56,ART0016,Hmm several so nevertheless where besides.,Tea some slavery. Twist courageous when.,https://picsum.photos/640/480,2024-06-01 12:19:00.000,2024-06-15 13:03:35.933,
57,ART0017,Queer Spanish now obesity what open.,Waiter this seldom. Did within you.,https://picsum.photos/640/480,2024-06-25 04:19:55.000,2024-06-15 13:03:35.937,
58,ART0017,Between advantage to insufficient publicity throughout.,These enough monthly. Consequently there through.,https://picsum.photos/640/480,2024-06-29 09:02:03.000,2024-06-15 13:03:35.940,
59,ART0017,Under school might everybody rudely Danish.,Air were rain. Into Putinist they.,https://picsum.photos/640/480,2024-02-28 07:15:33.000,2024-06-15 13:03:35.945,
60,ART0017,You now theirs whose sit I.,Could tomorrow point. Exemplified unless whatever.,https://picsum.photos/640/480,2024-04-09 18:43:24.000,2024-06-15 13:03:35.949,
61,ART0018,Instead this might to himself in.,Fully now whom. Jungian for Bismarckian.,https://picsum.photos/640/480,2024-01-01 11:59:59.000,2024-06-15 13:03:35.953,
62,ART0018,Sedge guilt this up normally did.,Must mine sigh. Neither they then.,https://picsum.photos/640/480,2024-02-01 03:46:31.000,2024-06-15 13:03:35.958,
63,ART0018,Disregard empty themselves sheaf yearly yet.,Repelling page battery. Today without then.,https://picsum.photos/640/480,2024-02-15 09:49:22.000,2024-06-15 13:03:35.962,
64,ART0019,Rooseveltian do near frequently I other.,An several kitchen. Every whomever tomorrow.,https://picsum.photos/640/480,2024-06-26 11:39:16.000,2024-06-15 13:03:35.967,
65,ART0019,Ride first provided who their Gabonese.,Whose nevertheless them. From until be.,https://picsum.photos/640/480,2024-04-09 10:16:16.000,2024-06-15 13:03:35.971,
66,ART0019,Stand which consequently company below who.,Conclude team sometimes. Occasionally spin poorly.,https://picsum.photos/640/480,2024-04-22 07:10:38.000,2024-06-15 13:03:35.975,
67,ART0019,Everybody neither about why end her.,Therefore most sigh. Despite then where.,https://picsum.photos/640/480,2024-06-07 15:05:15.000,2024-06-15 13:03:35.979,
68,ART0019,Sometimes alive your regularly later next.,You all batch. Yay monthly occur.,https://picsum.photos/640/480,2024-04-14 04:40:33.000,2024-06-15 13:03:35.983,
69,ART0020,Knit has furthermore those as himself.,In ashamed which. What clever win.,https://picsum.photos/640/480,2024-04-30 18:33:36.000,2024-06-15 13:03:35.987,2024-06-20 07:06:22.712
70,ART0020,E.g. luck this with marry dig.,That up light. Will how up.,https://picsum.photos/640/480,2024-05-23 21:28:30.000,2024-06-15 13:03:35.990,2024-06-20 07:06:22.712
71,ART0020,Though stemmed Mexican day awkwardly widen.,After coldness these. Wow nightly just.,https://picsum.photos/640/480,2024-04-24 11:41:25.000,2024-06-15 13:03:35.994,2024-06-20 07:06:22.712
72,ART0021,Japanese whose smell that inspect you.,Gladly covey no. Whomever crime horror.,https://picsum.photos/640/480,2024-05-25 06:27:08.000,2024-06-15 13:03:35.998,2024-06-20 17:22:32.534
73,ART0021,Regiment heavy not transportation than herself.,What arrive friendship. Fiction substantial whose.,https://picsum.photos/640/480,2024-01-10 21:51:06.000,2024-06-15 13:03:36.002,2024-06-20 17:22:32.534
74,ART0021,One furthermore once man was whom.,Those myself nevertheless. Inadequately numerous to.,https://picsum.photos/640/480,2024-03-14 03:47:07.000,2024-06-15 13:03:36.007,2024-06-20 17:22:32.534
75,ART0021,Irritably every great envy by him.,Can late somebody. What battery another.,https://picsum.photos/640/480,2024-01-05 19:48:43.000,2024-06-15 13:03:36.011,2024-06-20 17:22:32.534
76,ART0021,Myself in would you troop how.,Can little one. Your page murder.,https://picsum.photos/640/480,2024-05-10 19:34:10.000,2024-06-15 13:03:36.016,2024-06-20 17:22:32.534
77,ART0022,From model from may inside hair.,As infrequently place. What which these.,https://picsum.photos/640/480,2024-05-21 03:45:43.000,2024-06-15 13:03:36.021,
78,ART0022,Her now an where team poised.,Because before of. Anything cautious enough.,https://picsum.photos/640/480,2024-01-10 21:51:27.000,2024-06-15 13:03:36.025,
79,ART0023,Should these production eat far mine.,Their at Muscovite. Man her care.,https://picsum.photos/640/480,2024-01-14 15:18:25.000,2024-06-15 13:03:36.030,
80,ART0023,Stupidity beauty party justly here yesterday.,Bale flock an. Inside bright annually.,https://picsum.photos/640/480,2024-04-19 12:22:35.000,2024-06-15 13:03:36.034,
81,ART0023,Finally example in whoa which Danish.,Example tonight fork. Seldom moment whose.,https://picsum.photos/640/480,2024-03-22 11:42:45.000,2024-06-15 13:03:36.038,
82,ART0023,Greatly where do there you some.,Information consequently his. Elsewhere execute fine.,https://picsum.photos/640/480,2024-05-19 10:30:55.000,2024-06-15 13:03:36.042,
83,ART0023,Previously in respects e.g. choir quizzical.,His turn whose. From why your.,https://picsum.photos/640/480,2024-04-17 08:08:42.000,2024-06-15 13:03:36.046,
84,ART0024,Along those its each publicity themselves.,How Newtonian aha. Out how he.,https://picsum.photos/640/480,2024-04-29 08:52:05.000,2024-06-15 13:03:36.050,
85,ART0024,Father cackle fondly on nevertheless might.,Also belong vanish. Whose team there.,https://picsum.photos/640/480,2024-01-13 01:47:43.000,2024-06-15 13:03:36.054,
86,ART0024,Out up however has fact the.,Later hers a. Those who most.,https://picsum.photos/640/480,2024-05-19 05:05:17.000,2024-06-15 13:03:36.058,
87,ART0025,Go tribe your onto set each.,Yearly in why. Yours that along.,https://picsum.photos/640/480,2024-02-23 22:05:22.000,2024-06-15 13:03:36.063,
88,ART0025,Frankly shout dynasty may she brown.,She neck your. Hospitality stand Christian.,https://picsum.photos/640/480,2024-06-30 00:56:34.000,2024-06-15 13:03:36.066,
89,ART0025,For grieving spin frequently king from.,It nevertheless lastly. Work mob whose.,https://picsum.photos/640/480,2024-01-27 17:39:27.000,2024-06-15 13:03:36.071,
90,ART0026,Here aha usually dynasty outside conclude.,Early yours for. Him could which.,https://picsum.photos/640/480,2024-01-31 18:37:25.000,2024-06-15 13:03:36.074,
91,ART0026,These life party in why stand.,Effect what nest. Wrap now him.,https://picsum.photos/640/480,2024-04-26 03:20:01.000,2024-06-15 13:03:36.078,
92,ART0026,Normally were lively knock some to.,Hourly many beautifully. Straightaway with those.,https://picsum.photos/640/480,2024-05-04 07:36:29.000,2024-06-15 13:03:36.082,
93,ART0026,These any constantly day my sometimes.,Over moreover virtually. Several religion away.,https://picsum.photos/640/480,2024-01-02 13:16:47.000,2024-06-15 13:03:36.086,
94,ART0026,Annually one pose us apart e.g..,Contrast were each. Wait light tough.,https://picsum.photos/640/480,2024-02-26 13:32:03.000,2024-06-15 13:03:36.091,
95,ART0027,Virtually infrequently encourage sit down under.,Either the other. Barely everyone whatever.,https://picsum.photos/640/480,2024-03-11 05:20:16.000,2024-06-15 13:03:36.095,
96,ART0027,Then where what on door issue.,Care either fairly. Her Freudian cloud.,https://picsum.photos/640/480,2024-03-22 18:57:05.000,2024-06-15 13:03:36.099,
97,ART0027,Company cooker those beauty annually it.,Someone whom one. Many terse though.,https://picsum.photos/640/480,2024-05-04 10:42:12.000,2024-06-15 13:03:36.103,
98,ART0027,Should warn Marxist they skip whomever.,Star education other. Soon another being.,https://picsum.photos/640/480,2024-05-29 05:41:42.000,2024-06-15 13:03:36.111,
99,ART0028,Group might glamorous few therefore shiny.,Little furthermore watch. Disgusting really could.,https://picsum.photos/640/480,2024-02-18 10:32:17.000,2024-06-15 13:03:36.115,
100,ART0028,Over much buffalo regularly these Polynesian.,Over company last. Who whole tonight.,https://picsum.photos/640/480,2024-05-20 09:16:41.000,2024-06-15 13:03:36.119,
101,ART0028,Day read world shall those with.,Those this so. Usually nest who.,https://picsum.photos/640/480,2024-06-06 06:19:21.000,2024-06-15 13:03:36.122,
102,ART0028,For your when idea several first.,Other anybody the. That her loneliness.,https://picsum.photos/640/480,2024-06-08 08:48:57.000,2024-06-15 13:03:36.127,
103,ART0029,Now yearly throw gee last in.,Upon can those. Our whoever chest.,https://picsum.photos/640/480,2024-02-14 10:12:23.000,2024-06-15 13:03:36.131,
104,ART0029,Therefore flock they which British problem.,Thing over moment. Those that elsewhere.,https://picsum.photos/640/480,2024-04-23 09:03:54.000,2024-06-15 13:03:36.135,
105,ART0029,Below this their permission gee justice.,Will they it. E.g. bathe yesterday.,https://picsum.photos/640/480,2024-01-27 16:33:05.000,2024-06-15 13:03:36.139,
106,ART0029,Knowledge inside pretty be she everybody.,Whose am talent. Now normally shout.,https://picsum.photos/640/480,2024-06-05 02:37:10.000,2024-06-15 13:03:36.143,
107,ART0030,Myself someone badly he how though.,Week inside now. Restaurant paper still.,https://picsum.photos/640/480,2024-04-12 12:47:01.000,2024-06-15 13:03:36.147,
108,ART0030,Italian this together them bravo play.,Convert full host. Her tonight in.,https://picsum.photos/640/480,2024-04-18 12:57:59.000,2024-06-15 13:03:36.151,
109,ART0031,Crack back furnish when inside Lebanese.,Regularly woman donkey. That daily evidence.,https://picsum.photos/640/480,2024-06-20 02:03:24.000,2024-06-15 13:03:36.157,
110,ART0031,To what sink intensely us your.,One we laugh. Its which herself.,https://picsum.photos/640/480,2024-02-05 18:12:27.000,2024-06-15 13:03:36.161,
111,ART0031,You Philippine this i.e. herself lately.,Whatever myself why. Soon the trip.,https://picsum.photos/640/480,2024-02-06 19:45:20.000,2024-06-15 13:03:36.165,
112,ART0031,Timing up chest so any this.,Chest badly smiling. Great besides above.,https://picsum.photos/640/480,2024-01-23 03:32:37.000,2024-06-15 13:03:36.169,
113,ART0031,Upgrade were string your begin ourselves.,Otherwise many this. Fully who fast.,https://picsum.photos/640/480,2024-06-10 22:27:19.000,2024-06-15 13:03:36.173,
114,ART0032,Kindness he that gentle exaltation myself.,Him adult ours. Then rather phew.,https://picsum.photos/640/480,2024-03-21 20:46:07.000,2024-06-15 13:03:36.176,
115,ART0032,To for easily generally time nobody.,None yourselves normally. World ream apart.,https://picsum.photos/640/480,2024-02-24 08:08:35.000,2024-06-15 13:03:36.180,
116,ART0032,Brace in above what those same.,Of time already. Whose bored upon.,https://picsum.photos/640/480,2024-03-22 00:11:59.000,2024-06-15 13:03:36.184,
117,ART0032,From yearly those e.g. to herself.,He each sleep. That host whatever.,https://picsum.photos/640/480,2024-04-10 15:53:18.000,2024-06-15 13:03:36.188,
118,ART0032,Our onto dog effect upset he.,What themselves frequently. Whose an tomorrow.,https://picsum.photos/640/480,2024-01-03 03:20:57.000,2024-06-15 13:03:36.193,
119,ART0033,Did its fortunately today skip these.,It beneath whichever. Expensive whomever moreover.,https://picsum.photos/640/480,2024-02-27 08:54:48.000,2024-06-15 13:03:36.197,
120,ART0033,A water hour daily those tonight.,Here yearly everybody. Meeting other it.,https://picsum.photos/640/480,2024-04-22 06:06:29.000,2024-06-15 13:03:36.201,
121,ART0034,Government yourselves through couch elsewhere scold.,Mob will lead. Within corruption therefore.,https://picsum.photos/640/480,2024-05-05 05:59:13.000,2024-06-15 13:03:36.205,
122,ART0034,Can tomorrow been cheese yourselves yourselves.,In board somebody. Those whom above.,https://picsum.photos/640/480,2024-06-27 23:14:29.000,2024-06-15 13:03:36.209,
123,ART0034,Apart always cinema yesterday will since.,Chair itself pray. It there smile.,https://picsum.photos/640/480,2024-02-08 15:37:03.000,2024-06-15 13:03:36.213,
124,ART0035,Infrequently apart whichever anyone ever Einsteinian.,Sammarinese these whenever. Of bunch straightaway.,https://picsum.photos/640/480,2024-06-28 03:57:50.000,2024-06-15 13:03:36.218,
125,ART0035,Time awareness frailty several that when.,Its in often. Eek one them.,https://picsum.photos/640/480,2024-05-01 04:12:53.000,2024-06-15 13:03:36.223,
126,ART0035,Am orange we them convert yearly.,Was religion several. Lincolnian whoa scream.,https://picsum.photos/640/480,2024-01-27 05:05:13.000,2024-06-15 13:03:36.227,
127,ART0036,Huge fact quarterly up might out.,Weep couple Peruvian. It thing woman.,https://picsum.photos/640/480,2024-03-12 15:28:20.000,2024-06-15 13:03:36.231,
128,ART0036,Black his party in towards aha.,Snow daily some. Forest to are.,https://picsum.photos/640/480,2024-01-25 22:24:49.000,2024-06-15 13:03:36.235,
129,ART0036,Dynasty those this where where am.,Those number week. Distinguish example pack.,https://picsum.photos/640/480,2024-06-05 12:55:20.000,2024-06-15 13:03:36.240,
130,ART0036,Who forest lastly last which to.,Nobody Sammarinese stupid. Tea today barely.,https://picsum.photos/640/480,2024-05-25 01:28:13.000,2024-06-15 13:03:36.244,
131,ART0036,Your part bravo our several she.,Nightly weight itself. Yet talented in.,https://picsum.photos/640/480,2024-02-13 12:53:47.000,2024-06-15 13:03:36.248,
132,ART0037,Listen board yourselves happiness to neither.,Hmm huh it. Of that for.,https://picsum.photos/640/480,2024-03-12 19:06:33.000,2024-06-15 13:03:36.252,
133,ART0037,However from effect yourselves next watch.,First today yearly. Themselves gee friendship.,https://picsum.photos/640/480,2024-05-23 12:57:16.000,2024-06-15 13:03:36.257,
134,ART0037,That are posse hmm their cash.,Ours ouch hand. Does straightaway her.,https://picsum.photos/640/480,2024-01-18 23:39:36.000,2024-06-15 13:03:36.261,
135,ART0037,Into generally just which anxious his.,Bunch rarely elsewhere. Every someone river.,https://picsum.photos/640/480,2024-06-08 05:48:02.000,2024-06-15 13:03:36.266,
136,ART0038,Please ourselves herself contrary greatly moreover.,Yet zebra as. Fortnightly an which.,https://picsum.photos/640/480,2024-02-28 03:06:41.000,2024-06-15 13:03:36.269,
137,ART0038,Tired substantial caravan will late each.,Clump mine any. Those instead alternatively.,https://picsum.photos/640/480,2024-06-30 06:24:34.000,2024-06-15 13:03:36.273,
138,ART0038,Another there single fleet so lemon.,Fortnightly wow party. Nearby are then.,https://picsum.photos/640/480,2024-02-01 15:17:29.000,2024-06-15 13:03:36.277,
139,ART0038,Far stand under another already that.,Would so including. Thoughtfully in extremely.,https://picsum.photos/640/480,2024-06-12 02:57:31.000,2024-06-15 13:03:36.282,
140,ART0039,Yourself now hotel Romanian aha yourselves.,To beneath they. Was according road.,https://picsum.photos/640/480,2024-01-02 11:15:16.000,2024-06-15 13:03:36.286,
141,ART0039,As what every ring on several.,What weekly blue. Most everybody previously.,https://picsum.photos/640/480,2024-03-24 01:08:51.000,2024-06-15 13:03:36.290,
142,ART0039,These next herself soon jump whoa.,Safety where this. Here stack down.,https://picsum.photos/640/480,2024-05-16 02:52:38.000,2024-06-15 13:03:36.294,
143,ART0040,Where now gossip unless all afterwards.,East yikes close. Those child hardly.,https://picsum.photos/640/480,2024-05-01 13:38:04.000,2024-06-15 13:03:36.298,
144,ART0040,Sunshine secondly ourselves revolt company daily.,Indulge rather though. Furthermore whose her.,https://picsum.photos/640/480,2024-03-08 11:52:16.000,2024-06-15 13:03:36.302,
145,ART0040,Deliberately theirs case stand what Balinese.,Time Taiwanese inquisitively. That loudly first.,https://picsum.photos/640/480,2024-01-31 05:27:14.000,2024-06-15 13:03:36.306,
146,ART0041,Next alas finally nightly in anything.,Why my woman. Phew child panic.,https://picsum.photos/640/480,2024-06-29 12:11:12.000,2024-06-15 13:03:36.312,
147,ART0041,Those say no host there he.,Themselves dance room. Myself always of.,https://picsum.photos/640/480,2024-01-15 12:39:18.000,2024-06-15 13:03:36.316,
148,ART0042,Those elegance firstly never somebody agree.,Onto muddy leap. Pout will somewhat.,https://picsum.photos/640/480,2024-05-22 00:29:28.000,2024-06-15 13:03:36.319,
149,ART0042,Those its each ourselves what spell.,Our I was. Its several whom.,https://picsum.photos/640/480,2024-06-04 23:44:21.000,2024-06-15 13:03:36.324,
150,ART0043,Where she e.g. bless quarterly were.,Within Nepalese weekly. Father brush yourself.,https://picsum.photos/640/480,2024-02-29 17:42:49.000,2024-06-15 13:03:36.328,
151,ART0043,Who whose think nevertheless pout monthly.,There person leggings. One highlight anyway.,https://picsum.photos/640/480,2024-02-15 09:17:35.000,2024-06-15 13:03:36.332,
152,ART0043,Down who try stack from therefore.,Upon their over. Under but include.,https://picsum.photos/640/480,2024-01-13 19:06:58.000,2024-06-15 13:03:36.337,
153,ART0043,What in caravan wide out company.,Our door this. Nearby since next.,https://picsum.photos/640/480,2024-03-25 07:53:43.000,2024-06-15 13:03:36.342,
154,ART0044,Often all still lastly you alas.,That gleaming either. These band which.,https://picsum.photos/640/480,2024-03-08 05:16:11.000,2024-06-15 13:03:36.345,
155,ART0044,Lie foot our hail tomorrow however.,Huh sew annoying. Health mob lot.,https://picsum.photos/640/480,2024-03-24 12:26:12.000,2024-06-15 13:03:36.349,
156,ART0044,Work every fortnightly at way above.,An yet most. Unless gang whom.,https://picsum.photos/640/480,2024-06-09 06:18:57.000,2024-06-15 13:03:36.354,
157,ART0045,Hundred dream Intelligent that mine been.,Yourself is however. Which his next.,https://picsum.photos/640/480,2024-03-02 07:22:26.000,2024-06-15 13:03:36.357,
158,ART0045,Scold temple of Hitlerian had finally.,There his it. Everybody ouch to.,https://picsum.photos/640/480,2024-04-18 00:38:08.000,2024-06-15 13:03:36.362,
159,ART0045,Where lighten pigeon host part you.,Where downstairs whoa. Such lower were.,https://picsum.photos/640/480,2024-05-04 01:33:06.000,2024-06-15 13:03:36.366,
160,ART0046,Cry of spoon all daily boat.,Downstairs here help. Nightly body that.,https://picsum.photos/640/480,2024-04-02 03:57:51.000,2024-06-15 13:03:36.371,
161,ART0046,Finally front contrary riches dance aggravate.,Man his nightly. Californian marry whoever.,https://picsum.photos/640/480,2024-05-19 05:44:36.000,2024-06-15 13:03:36.375,
162,ART0047,Above rudely however battery this firstly.,German handle me. Ocean imitate house.,https://picsum.photos/640/480,2024-02-04 08:02:29.000,2024-06-15 13:03:36.379,
163,ART0047,Pink next all never normally does.,On butter it. Break late read.,https://picsum.photos/640/480,2024-03-30 20:58:42.000,2024-06-15 13:03:36.382,
164,ART0048,Team pigeon sensibly those besides could.,Swan Finnish in. Nutrition later frailty.,https://picsum.photos/640/480,2024-05-12 19:19:29.000,2024-06-15 13:03:36.387,
165,ART0048,Horror staff alone cousin Greek may.,Far which her. Before must path.,https://picsum.photos/640/480,2024-01-02 13:48:30.000,2024-06-15 13:03:36.390,
166,ART0048,Fact accordingly progress this walk itself.,One there tomorrow. That wandering wake.,https://picsum.photos/640/480,2024-05-01 10:35:35.000,2024-06-15 13:03:36.395,
167,ART0048,That nothing tribe nobody bravo party.,Rather since instead. Last are hers.,https://picsum.photos/640/480,2024-01-17 18:26:09.000,2024-06-15 13:03:36.399,
168,ART0049,Sparse their himself corner this up.,Many flock soon. Hand wad write.,https://picsum.photos/640/480,2024-01-16 10:01:40.000,2024-06-15 13:03:36.405,2024-06-16 14:57:20.272
169,ART0049,Child those abroad in part that.,String unexpectedly the. Place someone as.,https://picsum.photos/640/480,2024-06-09 13:34:41.000,2024-06-15 13:03:36.409,2024-06-16 14:57:20.272
170,ART0049,Cackle whoever himself already trip hand.,Of regularly for. When patrol laugh.,https://picsum.photos/640/480,2024-06-06 07:40:58.000,2024-06-15 13:03:36.413,2024-06-16 14:57:20.272
171,ART0049,But my yourselves he as simply.,Corner correctly hourly. Villa all money.,https://picsum.photos/640/480,2024-05-17 00:17:11.000,2024-06-15 13:03:36.417,2024-06-16 14:57:20.272
172,ART0049,Yours we thing whose been number.,To cave aggravate. Hence themselves any.,https://picsum.photos/640/480,2024-05-23 06:23:37.000,2024-06-15 13:03:36.421,2024-06-16 14:57:20.272
173,ART0050,Be who it on them now.,Hand despite promptly. Have staff those.,https://picsum.photos/640/480,2024-05-13 03:58:20.000,2024-06-15 13:03:36.426,2024-06-16 14:55:49.880
174,ART0050,Rarely his he care leap woman.,Many the dance. Necklace obesity awfully.,https://picsum.photos/640/480,2024-05-10 01:17:07.000,2024-06-15 13:03:36.430,2024-06-16 14:55:49.880
175,ART0050,Its youth here her instance hug.,Because us first. Seldom Canadian east.,https://picsum.photos/640/480,2024-05-21 10:03:08.000,2024-06-15 13:03:36.434,2024-06-16 14:55:49.880
176,ART0050,With this well all some fortnightly.,Great because rapidly. These today according.,https://picsum.photos/640/480,2024-06-16 09:53:38.000,2024-06-15 13:03:36.438,2024-06-16 14:55:49.880
177,ART0050,Army crime me so whichever them.,Tomorrow to vivaciously. Who in whose.,https://picsum.photos/640/480,2024-01-13 23:08:12.000,2024-06-15 13:03:36.442,2024-06-16 14:55:49.880
178,ART0065,Bawa Tas Belanja Sendiri,Gunakan tas belanja kain yang dapat digunakan kembali saat berbelanja.,https://example.com/tas-belanja-kain.jpg,2024-06-17 12:34:22.380,2024-06-17 12:34:22.380,2024-06-18 06:16:44.086
179,ART0065,Hindari Penggunaan Sedotan Plastik,"Pilih sedotan stainless steel, bambu, atau kertas.",https://example.com/sedotan-alternatif.jpg,2024-06-17 12:34:22.384,2024-06-17 12:34:22.384,2024-06-18 06:16:44.086
180,ART0065,Bawa Botol Minum Isi Ulang,Kurangi sampah botol plastik dengan membawa botol minum sendiri.,https://example.com/botol-minum.jpg,2024-06-17 12:34:22.388,2024-06-17 12:34:22.388,2024-06-18 06:16:44.086
181,ART0065,Gunakan Wadah Makanan Reusable,Bawa bekal makan siang dalam wadah yang dapat digunakan kembali.,https://example.com/wadah-reusable.jpg,2024-06-17 12:34:22.391,2024-06-17 12:34:22.391,2024-06-18 06:16:44.086
182,ART0065,Pilih Produk dengan Kemasan Ramah Lingkungan,Cari produk dengan kemasan minimal atau kemasan yang dapat didaur ulang.,https://example.com/kemasan-ramah-lingkungan.jpg,2024-06-17 12:34:22.394,2024-06-17 12:34:22.394,2024-06-18 06:16:44.086
197,ART0076,Jenis Plastik dan Proses Daur Ulang Plastik,"Plastik terdiri dari berbagai macam rantai kimia yang cukup rumit. Beberapa jenis plastik mudah didaur ulang, tetapi ada juga yang membutuhkan penanganan khusus.

Berikut ini merupakan 7 jenis plastik yang perlu diketahui:",https://res.cloudinary.com/dlbbsdd3a/image/upload/v1718794541/recything/article/oyqqihwh2yxkvvpeo60n.jpg,2024-06-19 10:55:42.621,2024-06-19 10:55:42.621,2024-06-19 10:58:30.777
200,ART0078,Daur Ulang Plastik Tradisional dan Konvensional,"Daur ulang plastik adalah metode mengumpulkan sampah plastik dan mengubahnya menjadi produk baru yang berguna. Melansir dari laman Converse Energy Future, ada dua metode daur ulang plastik yang umum, yakni metode tradisional (traditional method) dan metode lanjutan (advanced method). Dua metode ini paling banyak digunakan dalam industri daur ulang limbah plastik, tetapi keduanya memerlukan fasilitas, mesin dan bahan khusus untuk membuat limbah plastik menjadi produk baru yang berguna.

Metode tradisional sangat cocok digunakan untuk daur ulang termoplastik (plastik yang meleleh jika terkena panas, dan mengeras ketika dingin). Dalam metode daur ulang plastik ini, dibutuhkan mesin injeksi khusus. Sedangkan metode lanjutan, menggunakan bahan kimia yang mampu memecah polimer plastik.

Dua metode daur ulang plastik tersebut memang tak bisa dibilang sepenuhnya ramah lingkungan, karena masih memakai mesin yang membutuhkan bahan bakar. Juga, memakai bahan kimia dalam prosesnya. Ada beberapa jenis plastik yang sulit didaur ulang dan dikategorikan residu di Indonesia, contohnya styrofoam. Namun, ada beberapa cara daur ulang plastik lain yang lebih aman dan ramah lingkungan. Misalnya saja membuat kerajinan dengan bahan plastik, seperti tas dari plastik kemasan sachet, tempat pensil dari botol bekas, atau eco-brick.",https://res.cloudinary.com/dlbbsdd3a/image/upload/v1718795328/recything/article/blshh4plpz9fnk0wapft.jpg,2024-06-19 11:08:48.978,2024-06-19 11:08:48.978,2024-06-20 04:12:21.123
201,ART0079,Bawa Tas Belanja Sendiri,Gunakan tas belanja kain yang dapat digunakan kembali saat berbelanja.,https://example.com/tas-belanja-kain.jpg,2024-06-19 20:58:11.319,2024-06-19 20:58:11.319,2024-06-19 22:05:24.154
202,ART0079,Hindari Penggunaan Sedotan Plastik,"Pilih sedotan stainless steel, bambu, atau kertas.",https://example.com/sedotan-alternatif.jpg,2024-06-19 20:58:11.323,2024-06-19 20:58:11.323,2024-06-19 22:05:24.154
203,ART0079,Bawa Botol Minum Isi Ulang,Kurangi sampah botol plastik dengan membawa botol minum sendiri.,https://example.com/botol-minum.jpg,2024-06-19 20:58:11.326,2024-06-19 20:58:11.326,2024-06-19 22:05:24.154
204,ART0079,Gunakan Wadah Makanan Reusable,Bawa bekal makan siang dalam wadah yang dapat digunakan kembali.,https://example.com/wadah-reusable.jpg,2024-06-19 20:58:11.330,2024-06-19 20:58:11.330,2024-06-19 22:05:24.154
205,ART0079,Pilih Produk dengan Kemasan Ramah Lingkungan,Cari produk dengan kemasan minimal atau kemasan yang dapat didaur ulang.,https://example.com/kemasan-ramah-lingkungan.jpg,2024-06-19 20:58:11.334,2024-06-19 20:58:11.334,2024-06-19 22:05:24.154
206,ART0080,Bawa Tas Belanja Sendiri,Gunakan tas belanja kain yang dapat digunakan kembali saat berbelanja.,https://example.com/tas-belanja-kain.jpg,2024-06-19 21:17:55.110,2024-06-19 21:17:55.110,2024-06-19 21:33:05.951
207,ART0080,Hindari Penggunaan Sedotan Plastik,"Pilih sedotan stainless steel, bambu, atau kertas.",https://example.com/sedotan-alternatif.jpg,2024-06-19 21:17:55.114,2024-06-19 21:17:55.114,2024-06-19 21:33:05.951
208,ART0080,Bawa Botol Minum Isi Ulang,Kurangi sampah botol plastik dengan membawa botol minum sendiri.,https://example.com/botol-minum.jpg,2024-06-19 21:17:55.118,2024-06-19 21:17:55.118,2024-06-19 21:33:05.951
209,ART0080,Gunakan Wadah Makanan Reusable,Bawa bekal makan siang dalam wadah yang dapat digunakan kembali.,https://example.com/wadah-reusable.jpg,2024-06-19 21:17:55.122,2024-06-19 21:17:55.122,2024-06-19 21:33:05.951
210,ART0080,Pilih Produk dengan Kemasan Ramah Lingkungan,Cari produk dengan kemasan minimal atau kemasan yang dapat didaur ulang.,https://example.com/kemasan-ramah-lingkungan.jpg,2024-06-19 21:17:55.125,2024-06-19 21:17:55.125,2024-06-19 21:33:05.951
211,ART0081,Bawa Tas Belanja Sendiri,Gunakan tas belanja kain yang dapat digunakan kembali saat berbelanja.,https://example.com/tas-belanja-kain.jpg,2024-06-19 21:20:11.361,2024-06-19 21:20:11.361,2024-06-19 21:32:55.111
212,ART0081,Hindari Penggunaan Sedotan Plastik,"Pilih sedotan stainless steel, bambu, atau kertas.",https://example.com/sedotan-alternatif.jpg,2024-06-19 21:20:11.368,2024-06-19 21:20:11.368,2024-06-19 21:32:55.111
213,ART0081,Bawa Botol Minum Isi Ulang,Kurangi sampah botol plastik dengan membawa botol minum sendiri.,https://example.com/botol-minum.jpg,2024-06-19 21:20:11.372,2024-06-19 21:20:11.372,2024-06-19 21:32:55.111
214,ART0081,Gunakan Wadah Makanan Reusable,Bawa bekal makan siang dalam wadah yang dapat digunakan kembali.,https://example.com/wadah-reusable.jpg,2024-06-19 21:20:11.375,2024-06-19 21:20:11.375,2024-06-19 21:32:55.111
215,ART0081,Pilih Produk dengan Kemasan Ramah Lingkungan,Cari produk dengan kemasan minimal atau kemasan yang dapat didaur ulang.,https://example.com/kemasan-ramah-lingkungan.jpg,2024-06-19 21:20:11.378,2024-06-19 21:20:11.378,2024-06-19 21:32:55.111
216,ART0082,Bawa Tas Belanja Sendiri,Gunakan tas belanja kain yang dapat digunakan kembali saat berbelanja.,https://example.com/tas-belanja-kain.jpg,2024-06-19 21:28:13.972,2024-06-19 21:28:13.972,
217,ART0082,Hindari Penggunaan Sedotan Plastik,"Pilih sedotan stainless steel, bambu, atau kertas.",https://example.com/sedotan-alternatif.jpg,2024-06-19 21:28:13.976,2024-06-19 21:28:13.976,
218,ART0082,Bawa Botol Minum Isi Ulang,Kurangi sampah botol plastik dengan membawa botol minum sendiri.,https://example.com/botol-minum.jpg,2024-06-19 21:28:13.979,2024-06-19 21:28:13.979,
219,ART0082,Gunakan Wadah Makanan Reusable,Bawa bekal makan siang dalam wadah yang dapat digunakan kembali.,https://example.com/wadah-reusable.jpg,2024-06-19 21:28:13.984,2024-06-19 21:28:13.984,
220,ART0082,Pilih Produk dengan Kemasan Ramah Lingkungan,Cari produk dengan kemasan minimal atau kemasan yang dapat didaur ulang.,https://example.com/kemasan-ramah-lingkungan.jpg,2024-06-19 21:28:13.989,2024-06-19 21:28:13.989,
221,ART0083,Bawa Tas Belanja Sendiri,Gunakan tas belanja kain yang dapat digunakan kembali saat berbelanja.,https://example.com/tas-belanja-kain.jpg,2024-06-19 21:28:27.261,2024-06-19 21:28:27.261,
222,ART0083,Hindari Penggunaan Sedotan Plastik,"Pilih sedotan stainless steel, bambu, atau kertas.",https://example.com/sedotan-alternatif.jpg,2024-06-19 21:28:27.266,2024-06-19 21:28:27.266,
223,ART0083,Bawa Botol Minum Isi Ulang,Kurangi sampah botol plastik dengan membawa botol minum sendiri.,https://example.com/botol-minum.jpg,2024-06-19 21:28:27.269,2024-06-19 21:28:27.269,
224,ART0083,Gunakan Wadah Makanan Reusable,Bawa bekal makan siang dalam wadah yang dapat digunakan kembali.,https://example.com/wadah-reusable.jpg,2024-06-19 21:28:27.275,2024-06-19 21:28:27.275,
225,ART0083,Pilih Produk dengan Kemasan Ramah Lingkungan,Cari produk dengan kemasan minimal atau kemasan yang dapat didaur ulang.,https://example.com/kemasan-ramah-lingkungan.jpg,2024-06-19 21:28:27.278,2024-06-19 21:28:27.278,
226,ART0084,Bawa Tas Belanja Sendiri,Gunakan tas belanja kain yang dapat digunakan kembali saat berbelanja.,https://example.com/tas-belanja-kain.jpg,2024-06-19 21:28:36.445,2024-06-19 21:28:36.445,
227,ART0084,Hindari Penggunaan Sedotan Plastik,"Pilih sedotan stainless steel, bambu, atau kertas.",https://example.com/sedotan-alternatif.jpg,2024-06-19 21:28:36.449,2024-06-19 21:28:36.449,
228,ART0084,Bawa Botol Minum Isi Ulang,Kurangi sampah botol plastik dengan membawa botol minum sendiri.,https://example.com/botol-minum.jpg,2024-06-19 21:28:36.453,2024-06-19 21:28:36.453,
229,ART0084,Gunakan Wadah Makanan Reusable,Bawa bekal makan siang dalam wadah yang dapat digunakan kembali.,https://example.com/wadah-reusable.jpg,2024-06-19 21:28:36.456,2024-06-19 21:28:36.456,
230,ART0084,Pilih Produk dengan Kemasan Ramah Lingkungan,Cari produk dengan kemasan minimal atau kemasan yang dapat didaur ulang.,https://example.com/kemasan-ramah-lingkungan.jpg,2024-06-19 21:28:36.461,2024-06-19 21:28:36.461,
231,ART0085,Bawa Tas Belanja Sendiri,Gunakan tas belanja kain yang dapat digunakan kembali saat berbelanja.,https://example.com/tas-belanja-kain.jpg,2024-06-19 21:29:02.224,2024-06-19 21:29:02.224,
232,ART0085,Hindari Penggunaan Sedotan Plastik,"Pilih sedotan stainless steel, bambu, atau kertas.",https://example.com/sedotan-alternatif.jpg,2024-06-19 21:29:02.227,2024-06-19 21:29:02.227,
233,ART0085,Bawa Botol Minum Isi Ulang,Kurangi sampah botol plastik dengan membawa botol minum sendiri.,https://example.com/botol-minum.jpg,2024-06-19 21:29:02.231,2024-06-19 21:29:02.231,
234,ART0085,Gunakan Wadah Makanan Reusable,Bawa bekal makan siang dalam wadah yang dapat digunakan kembali.,https://example.com/wadah-reusable.jpg,2024-06-19 21:29:02.234,2024-06-19 21:29:02.234,
235,ART0085,Pilih Produk dengan Kemasan Ramah Lingkungan,Cari produk dengan kemasan minimal atau kemasan yang dapat didaur ulang.,https://example.com/kemasan-ramah-lingkungan.jpg,2024-06-19 21:29:02.238,2024-06-19 21:29:02.238,
236,ART0003,Bawa Tas Belanja Sendiri,Gunakan tas belanja kain yang dapat digunakan kembali saat berbelanja.,https://example.com/tas-belanja-kain.jpg,2024-06-19 21:46:24.636,2024-06-19 21:46:24.636,2024-06-19 21:52:23.896
237,ART0003,Hindari Penggunaan Sedotan Plastik,"Pilih sedotan stainless steel, bambu, atau kertas.",https://example.com/sedotan-alternatif.jpg,2024-06-19 21:46:24.641,2024-06-19 21:46:24.641,2024-06-19 21:52:23.896
238,ART0003,Bawa Botol Minum Isi Ulang,Kurangi sampah botol plastik dengan membawa botol minum sendiri.,https://example.com/botol-minum.jpg,2024-06-19 21:46:24.645,2024-06-19 21:46:24.645,2024-06-19 21:52:23.896
239,ART0003,Gunakan Wadah Makanan Reusable,Bawa bekal makan siang dalam wadah yang dapat digunakan kembali.,https://example.com/wadah-reusable.jpg,2024-06-19 21:46:24.649,2024-06-19 21:46:24.649,2024-06-19 21:52:23.896
240,ART0003,Bawa Tas Belanja Sendiri,Gunakan tas belanja kain yang dapat digunakan kembali saat berbelanja.,https://example.com/tas-belanja-kain.jpg,2024-06-19 21:52:23.900,2024-06-19 21:52:23.900,2024-06-19 21:53:12.002
241,ART0003,Hindari Penggunaan Sedotan Plastik,"Pilih sedotan stainless steel, bambu, atau kertas.",https://example.com/sedotan-alternatif.jpg,2024-06-19 21:52:23.904,2024-06-19 21:52:23.904,2024-06-19 21:53:12.002
242,ART0003,Bawa Botol Minum Isi Ulang,Kurangi sampah botol plastik dengan membawa botol minum sendiri.,https://example.com/botol-minum.jpg,2024-06-19 21:52:23.908,2024-06-19 21:52:23.908,2024-06-19 21:53:12.002
243,ART0003,Gunakan Wadah Makanan Reusable,Bawa bekal makan siang dalam wadah yang dapat digunakan kembali.,https://example.com/wadah-reusable.jpg,2024-06-19 21:52:23.912,2024-06-19 21:52:23.912,2024-06-19 21:53:12.002
244,ART0003,Bawa Tas Belanja Sendiri,Gunakan tas belanja kain yang dapat digunakan kembali saat berbelanja.,https://example.com/tas-belanja-kain.jpg,2024-06-19 21:53:12.006,2024-06-19 21:53:12.006,2024-06-19 21:53:33.598
245,ART0003,Hindari Penggunaan Sedotan Plastik,"Pilih sedotan stainless steel, bambu, atau kertas.",https://example.com/sedotan-alternatif.jpg,2024-06-19 21:53:12.010,2024-06-19 21:53:12.010,2024-06-19 21:53:33.598
246,ART0003,Bawa Botol Minum Isi Ulang,Kurangi sampah botol plastik dengan membawa botol minum sendiri.,https://example.com/botol-minum.jpg,2024-06-19 21:53:12.014,2024-06-19 21:53:12.014,2024-06-19 21:53:33.598
247,ART0003,Gunakan Wadah Makanan Reusable,Bawa bekal makan siang dalam wadah yang dapat digunakan kembali.,https://example.com/wadah-reusable.jpg,2024-06-19 21:53:12.017,2024-06-19 21:53:12.017,2024-06-19 21:53:33.598
248,ART0003,Bawa Tas Belanja Sendiri,Gunakan tas belanja kain yang dapat digunakan kembali saat berbelanja.,https://example.com/tas-belanja-kain.jpg,2024-06-19 21:53:33.602,2024-06-19 21:53:33.602,2024-06-20 06:17:14.391
249,ART0003,Hindari Penggunaan Sedotan Plastik,"Pilih sedotan stainless steel, bambu, atau kertas.",https://example.com/sedotan-alternatif.jpg,2024-06-19 21:53:33.606,2024-06-19 21:53:33.606,2024-06-20 06:17:14.391
250,ART0003,Bawa Botol Minum Isi Ulang,Kurangi sampah botol plastik dengan membawa botol minum sendiri.,https://example.com/botol-minum.jpg,2024-06-19 21:53:33.610,2024-06-19 21:53:33.610,2024-06-20 06:17:14.391
251,ART0003,Gunakan Wadah Makanan Reusable,Bawa bekal makan siang dalam wadah yang dapat digunakan kembali.,https://example.com/wadah-reusable.jpg,2024-06-19 21:53:33.613,2024-06-19 21:53:33.613,2024-06-20 06:17:14.391
252,ART0086,Bawa Tas Belanja Sendiri,Gunakan tas belanja kain yang dapat digunakan kembali saat berbelanja.,https://example.com/tas-belanja-kain.jpg,2024-06-19 22:00:13.919,2024-06-19 22:00:13.919,2024-06-19 22:01:52.782
253,ART0086,Hindari Penggunaan Sedotan Plastik,"Pilih sedotan stainless steel, bambu, atau kertas.",https://example.com/sedotan-alternatif.jpg,2024-06-19 22:00:13.923,2024-06-19 22:00:13.923,2024-06-19 22:01:52.782
254,ART0086,Bawa Botol Minum Isi Ulang,Kurangi sampah botol plastik dengan membawa botol minum sendiri.,https://example.com/botol-minum.jpg,2024-06-19 22:00:13.928,2024-06-19 22:00:13.928,2024-06-19 22:01:52.782
255,ART0086,Gunakan Wadah Makanan Reusable,Bawa bekal makan siang dalam wadah yang dapat digunakan kembali.,https://example.com/wadah-reusable.jpg,2024-06-19 22:00:13.931,2024-06-19 22:00:13.931,2024-06-19 22:01:52.782
256,ART0086,Pilih Produk dengan Kemasan Ramah Lingkungan,Cari produk dengan kemasan minimal atau kemasan yang dapat didaur ulang.,https://example.com/kemasan-ramah-lingkungan.jpg,2024-06-19 22:00:13.936,2024-06-19 22:00:13.936,2024-06-19 22:01:52.782
267,ART0007,Bawa Tas Belanja Sendiri,Gunakan tas belanja kain yang dapat digunakan kembali saat berbelanja.,https://example.com/tas-belanja-kain.jpg,2024-06-20 06:24:09.630,2024-06-20 06:24:09.630,2024-06-20 06:25:50.125
268,ART0007,Hindari Penggunaan Sedotan Plastik,"Pilih sedotan stainless steel, bambu, atau kertas.",https://example.com/sedotan-alternatif.jpg,2024-06-20 06:24:09.634,2024-06-20 06:24:09.634,2024-06-20 06:25:50.125
269,ART0007,Bawa Botol Minum Isi Ulang,Kurangi sampah botol plastik dengan membawa botol minum sendiri.,https://example.com/botol-minum.jpg,2024-06-20 06:24:09.637,2024-06-20 06:24:09.637,2024-06-20 06:25:50.125
270,ART0007,Gunakan Wadah Makanan Reusable,Bawa bekal makan siang dalam wadah yang dapat digunakan kembali.,https://example.com/wadah-reusable.jpg,2024-06-20 06:24:09.642,2024-06-20 06:24:09.642,2024-06-20 06:25:50.125
271,ART0007,Bawa Tas Belanja Sendiri,Gunakan tas belanja kain yang dapat digunakan kembali saat berbelanja.,https://example.com/tas-belanja-kain.jpg,2024-06-20 06:25:50.130,2024-06-20 06:25:50.130,2024-06-20 06:27:59.784
272,ART0007,Hindari Penggunaan Sedotan Plastik,"Pilih sedotan stainless steel, bambu, atau kertas.",https://example.com/sedotan-alternatif.jpg,2024-06-20 06:25:50.133,2024-06-20 06:25:50.133,2024-06-20 06:27:59.784
273,ART0007,Bawa Botol Minum Isi Ulang,Kurangi sampah botol plastik dengan membawa botol minum sendiri.,https://example.com/botol-minum.jpg,2024-06-20 06:25:50.138,2024-06-20 06:25:50.138,2024-06-20 06:27:59.784
274,ART0007,Gunakan Wadah Makanan Reusable,Bawa bekal makan siang dalam wadah yang dapat digunakan kembali.,https://example.com/wadah-reusable.jpg,2024-06-20 06:25:50.143,2024-06-20 06:25:50.143,2024-06-20 06:27:59.784
275,ART0007,Bawa Tas Belanja Sendiri,Gunakan tas belanja kain yang dapat digunakan kembali saat berbelanja.,https://example.com/tas-belanja-kain.jpg,2024-06-20 06:27:59.789,2024-06-20 06:27:59.789,2024-06-20 06:35:42.648
276,ART0007,Hindari Penggunaan Sedotan Plastik,"Pilih sedotan stainless steel, bambu, atau kertas.",https://example.com/sedotan-alternatif.jpg,2024-06-20 06:27:59.792,2024-06-20 06:27:59.792,2024-06-20 06:35:42.648
277,ART0007,Bawa Botol Minum Isi Ulang,Kurangi sampah botol plastik dengan membawa botol minum sendiri.,https://example.com/botol-minum.jpg,2024-06-20 06:27:59.796,2024-06-20 06:27:59.796,2024-06-20 06:35:42.648
278,ART0007,Gunakan Wadah Makanan Reusable,Bawa bekal makan siang dalam wadah yang dapat digunakan kembali.,https://example.com/wadah-reusable.jpg,2024-06-20 06:27:59.799,2024-06-20 06:27:59.799,2024-06-20 06:35:42.648
279,ART0002,Bawa Tas Belanja Sendiri,Gunakan tas belanja kain yang dapat digunakan kembali saat berbelanja.,https://example.com/tas-belanja-kain.jpg,2024-06-20 06:40:09.146,2024-06-20 06:40:09.146,2024-06-20 07:05:23.422
280,ART0002,Hindari Penggunaan Sedotan Plastik,"Pilih sedotan stainless steel, bambu, atau kertas.",https://example.com/sedotan-alternatif.jpg,2024-06-20 06:40:09.150,2024-06-20 06:40:09.150,2024-06-20 07:05:23.422
281,ART0002,Bawa Botol Minum Isi Ulang,Kurangi sampah botol plastik dengan membawa botol minum sendiri.,https://example.com/botol-minum.jpg,2024-06-20 06:40:09.153,2024-06-20 06:40:09.153,2024-06-20 07:05:23.422
282,ART0002,Gunakan Wadah Makanan Reusable,Bawa bekal makan siang dalam wadah yang dapat digunakan kembali.,https://example.com/wadah-reusable.jpg,2024-06-20 06:40:09.157,2024-06-20 06:40:09.157,2024-06-20 07:05:23.422
283,ART0011,Bawa Tas Belanja Sendiri,"Gunakan tas belanja kain yang dapat digunakan kembali saat berbelanja. Vestibulum id quam diam. Morbi eget nisi at mauris blandit volutpat. Morbi neque turpis, auctor at velit vel, egestas tincidunt lacus. Duis nec leo nibh. Nullam at eros eget orci rutrum pharetra efficitur sit amet mi. Pellentesque nisi arcu, consectetur quis luctus sit amet, cursus ac risus. Ut risus lorem, volutpat sit amet nibh eu, pharetra dignissim augue. Integer quis magna in eros imperdiet egestas. Nam iaculis egestas urna quis consequat. Maecenas convallis convallis dui, vitae posuere purus consectetur at. Quisque aliquam neque sed ipsum ullamcorper eleifend.",,2024-06-20 06:51:05.869,2024-06-20 06:51:05.869,2024-06-20 07:04:56.397
284,ART0011,Hindari Penggunaan Sedotan Plastik,"Pilih sedotan stainless steel, bambu, atau kertas. Vestibulum id quam diam. Morbi eget nisi at mauris blandit volutpat. Morbi neque turpis, auctor at velit vel, egestas tincidunt lacus. Duis nec leo nibh. Nullam at eros eget orci rutrum pharetra efficitur sit amet mi. Pellentesque nisi arcu, consectetur quis luctus sit amet, cursus ac risus. Ut risus lorem, volutpat sit amet nibh eu, pharetra dignissim augue. Integer quis magna in eros imperdiet egestas. Nam iaculis egestas urna quis consequat. Maecenas convallis convallis dui, vitae posuere purus consectetur at. Quisque aliquam neque sed ipsum ullamcorper eleifend.",,2024-06-20 06:51:05.873,2024-06-20 06:51:05.873,2024-06-20 07:04:56.397
285,ART0011,Bawa Botol Minum Isi Ulang,"Kurangi sampah botol plastik dengan membawa botol minum sendiri. Vestibulum id quam diam. Morbi eget nisi at mauris blandit volutpat. Morbi neque turpis, auctor at velit vel, egestas tincidunt lacus. Duis nec leo nibh. Nullam at eros eget orci rutrum pharetra efficitur sit amet mi. Pellentesque nisi arcu, consectetur quis luctus sit amet, cursus ac risus. Ut risus lorem, volutpat sit amet nibh eu, pharetra dignissim augue. Integer quis magna in eros imperdiet egestas. Nam iaculis egestas urna quis consequat. Maecenas convallis convallis dui, vitae posuere purus consectetur at. Quisque aliquam neque sed ipsum ullamcorper eleifend.",,2024-06-20 06:51:05.876,2024-06-20 06:51:05.876,2024-06-20 07:04:56.397
286,ART0011,Gunakan Wadah Makanan Reusable,"Bawa bekal makan siang dalam wadah yang dapat digunakan kembali. Vestibulum id quam diam. Morbi eget nisi at mauris blandit volutpat. Morbi neque turpis, auctor at velit vel, egestas tincidunt lacus. Duis nec leo nibh. Nullam at eros eget orci rutrum pharetra efficitur sit amet mi. Pellentesque nisi arcu, consectetur quis luctus sit amet, cursus ac risus. Ut risus lorem, volutpat sit amet nibh eu, pharetra dignissim augue. Integer quis magna in eros imperdiet egestas. Nam iaculis egestas urna quis consequat. Maecenas convallis convallis dui, vitae posuere purus consectetur at. Quisque aliquam neque sed ipsum ullamcorper eleifend.",,2024-06-20 06:51:05.882,2024-06-20 06:51:05.882,2024-06-20 07:04:56.397
287,ART0091,5 Tips Mengurangi Sampah Plastik dalam Kehidupan Sehari-hari 2,"Gunakan tas belanja kain yang dapat digunakan kembali saat berbelanja. Vestibulum id quam diam. Morbi eget nisi at mauris blandit volutpat. Morbi neque turpis, auctor at velit vel, egestas tincidunt lacus. Duis nec leo nibh. Nullam at eros eget orci rutrum pharetra efficitur sit amet mi. Pellentesque nisi arcu, consectetur quis luctus sit amet, cursus ac risus. Ut risus lorem, volutpat sit amet nibh eu, pharetra dignissim augue. Integer quis magna in eros imperdiet egestas. Nam iaculis egestas urna quis consequat. Maecenas convallis convallis dui, vitae posuere purus consectetur at. Quisque aliquam neque sed ipsum ullamcorper eleifend.",https://res.cloudinary.com/dlbbsdd3a/image/upload/v1718866571/recything/article/lxq0pgrzeatqj44bqhbf.png,2024-06-20 06:56:16.734,2024-06-20 06:56:16.734,2024-06-20 09:33:38.828
288,ART0091,5 Tips Mengurangi Sampah Plastik dalam Kehidupan Sehari-hari,"Gunakan tas belanja kain yang dapat digunakan kembali saat berbelanja. Vestibulum id quam diam. Morbi eget nisi at mauris blandit volutpat. Morbi neque turpis, auctor at velit vel, egestas tincidunt lacus. Duis nec leo nibh. Nullam at eros eget orci rutrum pharetra efficitur sit amet mi. Pellentesque nisi arcu, consectetur quis luctus sit amet, cursus ac risus. Ut risus lorem, volutpat sit amet nibh eu, pharetra dignissim augue. Integer quis magna in eros imperdiet egestas. Nam iaculis egestas urna quis consequat. Maecenas convallis convallis dui, vitae posuere purus consectetur at. Quisque aliquam neque sed ipsum ullamcorper eleifend.",https://res.cloudinary.com/dlbbsdd3a/image/upload/v1718866575/recything/article/zammddnftondm38m7nsj.png,2024-06-20 06:56:16.738,2024-06-20 06:56:16.738,2024-06-20 09:33:38.828
289,ART0011,Bawa Tas Belanja Sendiri,"Gunakan tas belanja kain yang dapat digunakan kembali saat berbelanja. Vestibulum id quam diam. Morbi eget nisi at mauris blandit volutpat. Morbi neque turpis, auctor at velit vel, egestas tincidunt lacus. Duis nec leo nibh. Nullam at eros eget orci rutrum pharetra efficitur sit amet mi. Pellentesque nisi arcu, consectetur quis luctus sit amet, cursus ac risus. Ut risus lorem, volutpat sit amet nibh eu, pharetra dignissim augue. Integer quis magna in eros imperdiet egestas. Nam iaculis egestas urna quis consequat. Maecenas convallis convallis dui, vitae posuere purus consectetur at. Quisque aliquam neque sed ipsum ullamcorper eleifend.",blob:https://recything.netlify.app/984710a6-467c-4122-9a2b-8d25168a1410,2024-06-20 07:04:56.404,2024-06-20 07:04:56.404,2024-06-22 11:54:04.539
290,ART0011,Hindari Penggunaan Sedotan Plastik,"Pilih sedotan stainless steel, bambu, atau kertas. Vestibulum id quam diam. Morbi eget nisi at mauris blandit volutpat. Morbi neque turpis, auctor at velit vel, egestas tincidunt lacus. Duis nec leo nibh. Nullam at eros eget orci rutrum pharetra efficitur sit amet mi. Pellentesque nisi arcu, consectetur quis luctus sit amet, cursus ac risus. Ut risus lorem, volutpat sit amet nibh eu, pharetra dignissim augue. Integer quis magna in eros imperdiet egestas. Nam iaculis egestas urna quis consequat. Maecenas convallis convallis dui, vitae posuere purus consectetur at. Quisque aliquam neque sed ipsum ullamcorper eleifend.",blob:https://recything.netlify.app/d5fd9ead-be56-4f7d-a649-e5725484d91f,2024-06-20 07:04:56.407,2024-06-20 07:04:56.407,2024-06-22 11:54:04.539
291,ART0011,Bawa Botol Minum Isi Ulang,"Kurangi sampah botol plastik dengan membawa botol minum sendiri. Vestibulum id quam diam. Morbi eget nisi at mauris blandit volutpat. Morbi neque turpis, auctor at velit vel, egestas tincidunt lacus. Duis nec leo nibh. Nullam at eros eget orci rutrum pharetra efficitur sit amet mi. Pellentesque nisi arcu, consectetur quis luctus sit amet, cursus ac risus. Ut risus lorem, volutpat sit amet nibh eu, pharetra dignissim augue. Integer quis magna in eros imperdiet egestas. Nam iaculis egestas urna quis consequat. Maecenas convallis convallis dui, vitae posuere purus consectetur at. Quisque aliquam neque sed ipsum ullamcorper eleifend.",blob:https://recything.netlify.app/139ec53b-b1d4-412c-9221-b3d4ed1bb19b,2024-06-20 07:04:56.410,2024-06-20 07:04:56.410,2024-06-22 11:54:04.539
292,ART0011,Gunakan Wadah Makanan Reusable,"Bawa bekal makan siang dalam wadah yang dapat digunakan kembali. Vestibulum id quam diam. Morbi eget nisi at mauris blandit volutpat. Morbi neque turpis, auctor at velit vel, egestas tincidunt lacus. Duis nec leo nibh. Nullam at eros eget orci rutrum pharetra efficitur sit amet mi. Pellentesque nisi arcu, consectetur quis luctus sit amet, cursus ac risus. Ut risus lorem, volutpat sit amet nibh eu, pharetra dignissim augue. Integer quis magna in eros imperdiet egestas. Nam iaculis egestas urna quis consequat. Maecenas convallis convallis dui, vitae posuere purus consectetur at. Quisque aliquam neque sed ipsum ullamcorper eleifend.",blob:https://recything.netlify.app/f27e00d2-c660-439b-b2b7-c3d1af635c97,2024-06-20 07:04:56.414,2024-06-20 07:04:56.414,2024-06-22 11:54:04.539
293,ART0020,Knit has furthermore those as himself.,In ashamed which. What clever win.,https://picsum.photos/640/480,2024-06-20 07:06:22.716,2024-06-20 07:06:22.716,
294,ART0020,E.g. luck this with marry dig.,That up light. Will how up.,https://picsum.photos/640/480,2024-06-20 07:06:22.720,2024-06-20 07:06:22.720,
295,ART0020,Though stemmed Mexican day awkwardly widen.,After coldness these. Wow nightly just.,https://picsum.photos/640/480,2024-06-20 07:06:22.724,2024-06-20 07:06:22.724,
296,ART0091,5 Tips Mengurangi Sampah Plastik dalam Kehidupan Sehari-hari 23,"Lorem ipsum dolor, sit amet consectetur adipisicing elit. Consequatur sequi fugit ullam libero? Vero, necessitatibus eligendi. Eaque laborum sint sapiente aut officiis quas corrupti? Aperiam modi labore minima alias non.",blob:http://localhost:3000/d9073f2a-f449-4f5e-ab1c-0b69fe936ef0,2024-06-20 09:33:38.835,2024-06-20 09:33:38.835,2024-06-22 11:53:50.465
297,ART0091,5 Tips Mengurangi Sampah Plastik dalam Kehidupan Sehari-hari 24,"Lorem ipsum dolor, sit amet consectetur adipisicing elit. Consequatur sequi fugit ullam libero? Vero, necessitatibus eligendi. Eaque laborum sint sapiente aut officiis quas corrupti? Aperiam modi labore minima alias non.",blob:http://localhost:3000/74888f40-6eac-490a-ac20-1427f051759d,2024-06-20 09:33:38.839,2024-06-20 09:33:38.839,2024-06-22 11:53:50.465
301,ART0092,Daur Ulang Echobrick 2,"Lorem Ipsum is simply dummy text of the printing and typesetting industry. Lorem Ipsum has been the industry's standard dummy text ever since the 1500s, when an unknown printer took a galley of type and scrambled it to make a type specimen book. It has survived not only five centuries, but also the leap into electronic typesetting, remaining essentially unchanged. It was popularised in the 1960s with the release of Letraset sheets containing Lorem Ipsum passages, and more recently with desktop publishing software like Aldus PageMaker including versions of Lorem Ipsum.",blob:http://localhost:3000/0f537496-b745-40d4-813f-09b6669ff591,2024-06-20 09:35:37.075,2024-06-20 09:35:37.075,2024-06-20 09:37:29.041
302,ART0092,Daur Ulang Echobrick 2,"Lorem Ipsum is simply dummy text of the printing and typesetting industry. Lorem Ipsum has been the industry's standard dummy text ever since the 1500s, when an unknown printer took a galley of type and scrambled it to make a type specimen book. It has survived not only five centuries, but also the leap into electronic typesetting, remaining essentially unchanged. It was popularised in the 1960s with the release of Letraset sheets containing Lorem Ipsum passages, and more recently with desktop publishing software like Aldus PageMaker including versions of Lorem Ipsum.",blob:http://localhost:3000/0f537496-b745-40d4-813f-09b6669ff591,2024-06-20 09:37:29.045,2024-06-20 09:37:29.045,2024-06-20 09:39:07.175
304,ART0092,Daur Ulang Echobrick 2,"Lorem Ipsum is simply dummy text of the printing and typesetting industry. Lorem Ipsum has been the industry's standard dummy text ever since the 1500s, when an unknown printer took a galley of type and scrambled it to make a type specimen book. It has survived not only five centuries, but also the leap into electronic typesetting, remaining essentially unchanged. It was popularised in the 1960s with the release of Letraset sheets containing Lorem Ipsum passages, and more recently with desktop publishing software like Aldus PageMaker including versions of Lorem Ipsum.",blob:http://localhost:3000/0f537496-b745-40d4-813f-09b6669ff591,2024-06-20 09:39:07.179,2024-06-20 09:39:07.179,2024-06-20 10:00:21.235
307,ART0092,Daur Ulang Echobrick 2,"Lorem Ipsum is simply dummy text of the printing and typesetting industry. Lorem Ipsum has been the industry's standard dummy text ever since the 1500s, when an unknown printer took a galley of type and scrambled it to make a type specimen book. It has survived not only five centuries, but also the leap into electronic typesetting, remaining essentially unchanged. It was popularised in the 1960s with the release of Letraset sheets containing Lorem Ipsum passages, and more recently with desktop publishing software like Aldus PageMaker including versions of Lorem Ipsum.",blob:http://localhost:3000/0f537496-b745-40d4-813f-09b6669ff591,2024-06-20 10:00:21.239,2024-06-20 10:00:21.239,2024-06-20 10:00:32.022
311,ART0093,Dampak sampah terhadap lingkungan,"1. Pencemaran Tanah dan Air: Sampah yang dibuang sembarangan dapat mencemari tanah dan sumber air, menyebabkan kerusakan ekosistem dan menurunkan kualitas air.
2. Gangguan Kesehatan: Sampah yang tidak dikelola dengan baik dapat menjadi tempat berkembang biaknya bakteri dan virus, meningkatkan risiko penyakit.
3. Pemanasan Global: Pembakaran sampah, terutama plastik, menghasilkan gas rumah kaca seperti karbon dioksida dan metana yang berkontribusi terhadap pemanasan global.",https://res.cloudinary.com/dlbbsdd3a/image/upload/v1718877781/recything/article/orgatbcgneyadliyvbrs.jpg,2024-06-20 10:03:02.271,2024-06-20 10:03:02.271,
312,ART0094,Bawa Tas Belanja Sendiri,Gunakan tas belanja kain yang dapat digunakan kembali saat berbelanja.,https://example.com/tas-belanja-kain.jpg,2024-06-20 10:56:24.373,2024-06-20 10:56:24.373,2024-06-21 07:08:11.096
313,ART0094,Hindari Penggunaan Sedotan Plastik,"Pilih sedotan stainless steel, bambu, atau kertas.",https://example.com/sedotan-alternatif.jpg,2024-06-20 10:56:24.378,2024-06-20 10:56:24.378,2024-06-21 07:08:11.096
314,ART0094,Bawa Botol Minum Isi Ulang,Kurangi sampah botol plastik dengan membawa botol minum sendiri.,https://example.com/botol-minum.jpg,2024-06-20 10:56:24.381,2024-06-20 10:56:24.381,2024-06-21 07:08:11.096
315,ART0094,Gunakan Wadah Makanan Reusable,Bawa bekal makan siang dalam wadah yang dapat digunakan kembali.,https://example.com/wadah-reusable.jpg,2024-06-20 10:56:24.385,2024-06-20 10:56:24.385,2024-06-21 07:08:11.096
316,ART0094,Pilih Produk dengan Kemasan Ramah Lingkungan,Cari produk dengan kemasan minimal atau kemasan yang dapat didaur ulang.,https://example.com/kemasan-ramah-lingkungan.jpg,2024-06-20 10:56:24.390,2024-06-20 10:56:24.390,2024-06-21 07:08:11.096
317,ART0095,Bawa Tas Belanja Sendiri,Gunakan tas belanja kain yang dapat digunakan kembali saat berbelanja.,https://example.com/tas-belanja-kain.jpg,2024-06-20 10:56:24.568,2024-06-20 10:56:24.568,
318,ART0095,Hindari Penggunaan Sedotan Plastik,"Pilih sedotan stainless steel, bambu, atau kertas.",https://example.com/sedotan-alternatif.jpg,2024-06-20 10:56:24.571,2024-06-20 10:56:24.571,
319,ART0095,Bawa Botol Minum Isi Ulang,Kurangi sampah botol plastik dengan membawa botol minum sendiri.,https://example.com/botol-minum.jpg,2024-06-20 10:56:24.575,2024-06-20 10:56:24.575,
320,ART0095,Gunakan Wadah Makanan Reusable,Bawa bekal makan siang dalam wadah yang dapat digunakan kembali.,https://example.com/wadah-reusable.jpg,2024-06-20 10:56:24.579,2024-06-20 10:56:24.579,
321,ART0095,Pilih Produk dengan Kemasan Ramah Lingkungan,Cari produk dengan kemasan minimal atau kemasan yang dapat didaur ulang.,https://example.com/kemasan-ramah-lingkungan.jpg,2024-06-20 10:56:24.583,2024-06-20 10:56:24.583,
322,ART0096,Bawa Tas Belanja Sendiri,Gunakan tas belanja kain yang dapat digunakan kembali saat berbelanja.,https://example.com/tas-belanja-kain.jpg,2024-06-20 11:00:05.229,2024-06-20 11:00:05.229,2024-06-21 07:08:04.104
323,ART0096,Hindari Penggunaan Sedotan Plastik,"Pilih sedotan stainless steel, bambu, atau kertas.",https://example.com/sedotan-alternatif.jpg,2024-06-20 11:00:05.234,2024-06-20 11:00:05.234,2024-06-21 07:08:04.104
324,ART0096,Bawa Botol Minum Isi Ulang,Kurangi sampah botol plastik dengan membawa botol minum sendiri.,https://example.com/botol-minum.jpg,2024-06-20 11:00:05.240,2024-06-20 11:00:05.240,2024-06-21 07:08:04.104
325,ART0096,Gunakan Wadah Makanan Reusable,Bawa bekal makan siang dalam wadah yang dapat digunakan kembali.,https://example.com/wadah-reusable.jpg,2024-06-20 11:00:05.243,2024-06-20 11:00:05.243,2024-06-21 07:08:04.104
326,ART0096,Pilih Produk dengan Kemasan Ramah Lingkungan,Cari produk dengan kemasan minimal atau kemasan yang dapat didaur ulang.,https://example.com/kemasan-ramah-lingkungan.jpg,2024-06-20 11:00:05.247,2024-06-20 11:00:05.247,2024-06-21 07:08:04.104
327,ART0097,Bawa Tas Belanja Sendiri,Gunakan tas belanja kain yang dapat digunakan kembali saat berbelanja.,https://example.com/tas-belanja-kain.jpg,2024-06-20 11:00:05.451,2024-06-20 11:00:05.451,
328,ART0097,Hindari Penggunaan Sedotan Plastik,"Pilih sedotan stainless steel, bambu, atau kertas.",https://example.com/sedotan-alternatif.jpg,2024-06-20 11:00:05.455,2024-06-20 11:00:05.455,
329,ART0097,Bawa Botol Minum Isi Ulang,Kurangi sampah botol plastik dengan membawa botol minum sendiri.,https://example.com/botol-minum.jpg,2024-06-20 11:00:05.458,2024-06-20 11:00:05.458,
330,ART0097,Gunakan Wadah Makanan Reusable,Bawa bekal makan siang dalam wadah yang dapat digunakan kembali.,https://example.com/wadah-reusable.jpg,2024-06-20 11:00:05.462,2024-06-20 11:00:05.462,
331,ART0097,Pilih Produk dengan Kemasan Ramah Lingkungan,Cari produk dengan kemasan minimal atau kemasan yang dapat didaur ulang.,https://example.com/kemasan-ramah-lingkungan.jpg,2024-06-20 11:00:05.466,2024-06-20 11:00:05.466,
332,ART0098,Bawa Tas Belanja Sendiri,Gunakan tas belanja kain yang dapat digunakan kembali saat berbelanja.,https://example.com/tas-belanja-kain.jpg,2024-06-20 11:22:33.154,2024-06-20 11:22:33.154,2024-06-20 12:07:16.609
333,ART0098,Hindari Penggunaan Sedotan Plastik,"Pilih sedotan stainless steel, bambu, atau kertas.",https://example.com/sedotan-alternatif.jpg,2024-06-20 11:22:33.159,2024-06-20 11:22:33.159,2024-06-20 12:07:16.609
334,ART0098,Bawa Botol Minum Isi Ulang,Kurangi sampah botol plastik dengan membawa botol minum sendiri.,https://example.com/botol-minum.jpg,2024-06-20 11:22:33.162,2024-06-20 11:22:33.162,2024-06-20 12:07:16.609
335,ART0098,Gunakan Wadah Makanan Reusable,Bawa bekal makan siang dalam wadah yang dapat digunakan kembali.,https://example.com/wadah-reusable.jpg,2024-06-20 11:22:33.165,2024-06-20 11:22:33.165,2024-06-20 12:07:16.609
336,ART0098,Pilih Produk dengan Kemasan Ramah Lingkungan,Cari produk dengan kemasan minimal atau kemasan yang dapat didaur ulang.,https://example.com/kemasan-ramah-lingkungan.jpg,2024-06-20 11:22:33.169,2024-06-20 11:22:33.169,2024-06-20 12:07:16.609
337,ART0099,Bawa Tas Belanja Sendiri,Gunakan tas belanja kain yang dapat digunakan kembali saat berbelanja.,https://example.com/tas-belanja-kain.jpg,2024-06-20 11:22:33.347,2024-06-20 11:22:33.347,
338,ART0099,Hindari Penggunaan Sedotan Plastik,"Pilih sedotan stainless steel, bambu, atau kertas.",https://example.com/sedotan-alternatif.jpg,2024-06-20 11:22:33.351,2024-06-20 11:22:33.351,
339,ART0099,Bawa Botol Minum Isi Ulang,Kurangi sampah botol plastik dengan membawa botol minum sendiri.,https://example.com/botol-minum.jpg,2024-06-20 11:22:33.355,2024-06-20 11:22:33.355,
340,ART0099,Gunakan Wadah Makanan Reusable,Bawa bekal makan siang dalam wadah yang dapat digunakan kembali.,https://example.com/wadah-reusable.jpg,2024-06-20 11:22:33.358,2024-06-20 11:22:33.358,
341,ART0099,Pilih Produk dengan Kemasan Ramah Lingkungan,Cari produk dengan kemasan minimal atau kemasan yang dapat didaur ulang.,https://example.com/kemasan-ramah-lingkungan.jpg,2024-06-20 11:22:33.362,2024-06-20 11:22:33.362,
342,ART0098,Bawa Tas Belanja Sendiri,Gunakan tas belanja kain yang dapat digunakan kembali saat berbelanja.,blob:http://localhost:3000/b821d849-c46a-4077-a80d-fa2bd099ee57,2024-06-20 12:07:16.616,2024-06-20 12:07:16.616,2024-06-22 11:53:37.702
343,ART0098,Hindari Penggunaan Sedotan Plastik,"Pilih sedotan stainless steel, bambu, atau kertas.",blob:http://localhost:3000/363646c1-e161-4136-a950-6fd10b0e7164,2024-06-20 12:07:16.619,2024-06-20 12:07:16.619,2024-06-22 11:53:37.702
344,ART0098,Bawa Botol Minum Isi Ulang,Kurangi sampah botol plastik dengan membawa botol minum sendiri.,blob:http://localhost:3000/72b0faaa-beb4-4db9-a8bb-738d6ffc8cfa,2024-06-20 12:07:16.623,2024-06-20 12:07:16.623,2024-06-22 11:53:37.702
345,ART0098,Gunakan Wadah Makanan Reusable,Bawa bekal makan siang dalam wadah yang dapat digunakan kembali.,blob:http://localhost:3000/de31498f-87ca-45e6-9dcb-6e82e2cdae13,2024-06-20 12:07:16.627,2024-06-20 12:07:16.627,2024-06-22 11:53:37.702
346,ART0098,Pilih Produk dengan Kemasan Ramah Lingkungan,Cari produk dengan kemasan minimal atau kemasan yang dapat didaur ulang.,blob:http://localhost:3000/a33991da-28c3-4f2a-98b0-937d85054cab,2024-06-20 12:07:16.630,2024-06-20 12:07:16.630,2024-06-22 11:53:37.702
347,ART0100,Bawa Tas Belanja Sendiri,Gunakan tas belanja kain yang dapat digunakan kembali saat berbelanja.,https://example.com/tas-belanja-kain.jpg,2024-06-20 17:22:31.168,2024-06-20 17:22:31.168,2024-06-21 02:20:20.751
348,ART0100,Hindari Penggunaan Sedotan Plastik,"Pilih sedotan stainless steel, bambu, atau kertas.",https://example.com/sedotan-alternatif.jpg,2024-06-20 17:22:31.172,2024-06-20 17:22:31.172,2024-06-21 02:20:20.751
349,ART0100,Bawa Botol Minum Isi Ulang,Kurangi sampah botol plastik dengan membawa botol minum sendiri.,https://example.com/botol-minum.jpg,2024-06-20 17:22:31.176,2024-06-20 17:22:31.176,2024-06-21 02:20:20.751
350,ART0100,Gunakan Wadah Makanan Reusable,Bawa bekal makan siang dalam wadah yang dapat digunakan kembali.,https://example.com/wadah-reusable.jpg,2024-06-20 17:22:31.180,2024-06-20 17:22:31.180,2024-06-21 02:20:20.751
351,ART0100,Pilih Produk dengan Kemasan Ramah Lingkungan,Cari produk dengan kemasan minimal atau kemasan yang dapat didaur ulang.,https://example.com/kemasan-ramah-lingkungan.jpg,2024-06-20 17:22:31.184,2024-06-20 17:22:31.184,2024-06-21 02:20:20.751
352,ART0101,Bawa Tas Belanja Sendiri,Gunakan tas belanja kain yang dapat digunakan kembali saat berbelanja.,https://example.com/tas-belanja-kain.jpg,2024-06-20 17:22:31.407,2024-06-20 17:22:31.407,
353,ART0101,Hindari Penggunaan Sedotan Plastik,"Pilih sedotan stainless steel, bambu, atau kertas.",https://example.com/sedotan-alternatif.jpg,2024-06-20 17:22:31.412,2024-06-20 17:22:31.412,
354,ART0101,Bawa Botol Minum Isi Ulang,Kurangi sampah botol plastik dengan membawa botol minum sendiri.,https://example.com/botol-minum.jpg,2024-06-20 17:22:31.415,2024-06-20 17:22:31.415,
355,ART0101,Gunakan Wadah Makanan Reusable,Bawa bekal makan siang dalam wadah yang dapat digunakan kembali.,https://example.com/wadah-reusable.jpg,2024-06-20 17:22:31.418,2024-06-20 17:22:31.418,
356,ART0101,Pilih Produk dengan Kemasan Ramah Lingkungan,Cari produk dengan kemasan minimal atau kemasan yang dapat didaur ulang.,https://example.com/kemasan-ramah-lingkungan.jpg,2024-06-20 17:22:31.422,2024-06-20 17:22:31.422,
357,ART0100,Bawa Tas Belanja Sendiri,Gunakan tas belanja kain yang dapat digunakan kembali saat berbelanja.,https://example.com/tas-belanja-kain.jpg,2024-06-21 02:20:20.757,2024-06-21 02:20:20.757,2024-06-22 11:38:57.814
358,ART0100,Hindari Penggunaan Sedotan Plastik,"Pilih sedotan stainless steel, bambu, atau kertas.",https://example.com/sedotan-alternatif.jpg,2024-06-21 02:20:20.761,2024-06-21 02:20:20.761,2024-06-22 11:38:57.814
359,ART0100,Bawa Botol Minum Isi Ulang,Kurangi sampah botol plastik dengan membawa botol minum sendiri.,https://example.com/botol-minum.jpg,2024-06-21 02:20:20.765,2024-06-21 02:20:20.765,2024-06-22 11:38:57.814
360,ART0100,Gunakan Wadah Makanan Reusable,Bawa bekal makan siang dalam wadah yang dapat digunakan kembali.,https://example.com/wadah-reusable.jpg,2024-06-21 02:20:20.769,2024-06-21 02:20:20.769,2024-06-22 11:38:57.814
361,ART0100,Pilih Produk dengan Kemasan Ramah Lingkungan,Cari produk dengan kemasan minimal atau kemasan yang dapat didaur ulang.,https://example.com/kemasan-ramah-lingkungan.jpg,2024-06-21 02:20:20.772,2024-06-21 02:20:20.772,2024-06-22 11:38:57.814
362,ART0102,Panduan Daur Ulang Plastik yang Efektif,Panduan praktis untuk mendaur ulang plastik secara efektif di rumah. Mulai dari pemilahan hingga proses daur ulang yang ramah lingkungan.,https://res.cloudinary.com/dlbbsdd3a/image/upload/v1718979899/recything/article/uz2deog4em01awernipf.png,2024-06-21 14:25:01.258,2024-06-21 14:25:01.258,2024-06-22 20:48:39.842
363,ART0098,Bawa Tas Belanja Sendiri,"Salah satu cara termudah untuk mengurangi penggunaan plastik adalah dengan membawa tas belanja sendiri setiap kali berbelanja. Tas kain atau tote bag yang bisa digunakan berulang kali tidak hanya ramah lingkungan, tapi juga lebih stylish dan tahan lama dibandingkan tas plastik sekali pakai.",blob:http://localhost:3000/2a242a82-1ea2-4bad-a359-2956088ea25d,2024-06-22 11:53:37.707,2024-06-22 11:53:37.707,2024-06-23 01:07:07.101
364,ART0098,Hindari Penggunaan Sedotan Plastik,"Sedotan plastik adalah salah satu produk sekali pakai yang sering kita temui dalam kehidupan sehari-hari. Untuk menguranginya, kamu bisa memilih sedotan dari bahan yang lebih ramah lingkungan seperti stainless steel, bambu, atau kaca. Lebih baik lagi, latih dirimu untuk minum langsung dari gelas tanpa menggunakan sedotan.",blob:http://localhost:3000/abdf9242-7f35-4413-9ae3-d786cb61d153,2024-06-22 11:53:37.710,2024-06-22 11:53:37.710,2024-06-23 01:07:07.101
365,ART0098,Bawa Botol Minum Isi Ulang,"Daripada membeli air minum dalam botol plastik, lebih baik membawa botol minum isi ulang ke mana pun kamu pergi. Selain mengurangi sampah plastik, membawa botol minum sendiri juga lebih ekonomis dan memastikan kamu tetap terhidrasi sepanjang hari.",blob:http://localhost:3000/d2be931b-a551-4bd3-866f-d79b200e4de8,2024-06-22 11:53:37.714,2024-06-22 11:53:37.714,2024-06-23 01:07:07.101
366,ART0098,Gunakan Wadah Makanan Reusable,Menggunakan wadah makanan reusable untuk membawa bekal atau menyimpan sisa makanan di rumah adalah langkah kecil yang memiliki dampak besar. Wadah dari bahan kaca atau stainless steel lebih tahan lama dan aman bagi kesehatan dibandingkan wadah plastik sekali pakai.,blob:http://localhost:3000/3b86891d-a9cd-436a-8304-64428a90a8c9,2024-06-22 11:53:37.718,2024-06-22 11:53:37.718,2024-06-23 01:07:07.101
367,ART0098,Pilih Produk dengan Kemasan Ramah Lingkungan,"Saat berbelanja, perhatikan kemasan produk yang kamu beli. Pilih produk dengan kemasan ramah lingkungan, seperti kemasan yang dapat didaur ulang atau yang terbuat dari bahan biodegradable. Dengan begitu, kamu ikut berkontribusi mengurangi jumlah sampah plastik yang berakhir di tempat pembuangan akhir.",blob:http://localhost:3000/f5c867bf-c53e-4479-b15c-4338f8cc1c1b,2024-06-22 11:53:37.722,2024-06-22 11:53:37.722,2024-06-23 01:07:07.101
368,ART0098,Bawa Tas Belanja Sendiri,"Salah satu cara termudah untuk mengurangi penggunaan plastik adalah dengan membawa tas belanja sendiri setiap kali berbelanja. Tas kain atau tote bag yang bisa digunakan berulang kali tidak hanya ramah lingkungan, tapi juga lebih stylish dan tahan lama dibandingkan tas plastik sekali pakai.",blob:http://localhost:3000/4ee830c8-b9bd-407e-95cf-ec9200b5d3e3,2024-06-23 01:07:07.106,2024-06-23 01:07:07.106,2024-06-23 01:11:33.003
369,ART0098,Hindari Penggunaan Sedotan Plastik,"Sedotan plastik adalah salah satu produk sekali pakai yang sering kita temui dalam kehidupan sehari-hari. Untuk menguranginya, kamu bisa memilih sedotan dari bahan yang lebih ramah lingkungan seperti stainless steel, bambu, atau kaca. Lebih baik lagi, latih dirimu untuk minum langsung dari gelas tanpa menggunakan sedotan.",blob:http://localhost:3000/6491fe4a-e80d-499b-a469-be090748dcac,2024-06-23 01:07:07.110,2024-06-23 01:07:07.110,2024-06-23 01:11:33.003
370,ART0098,Bawa Botol Minum Isi Ulang,"Daripada membeli air minum dalam botol plastik, lebih baik membawa botol minum isi ulang ke mana pun kamu pergi. Selain mengurangi sampah plastik, membawa botol minum sendiri juga lebih ekonomis dan memastikan kamu tetap terhidrasi sepanjang hari.",blob:http://localhost:3000/4c400e34-2d2a-4b00-9dcf-82f20a170254,2024-06-23 01:07:07.114,2024-06-23 01:07:07.114,2024-06-23 01:11:33.003
371,ART0098,Gunakan Wadah Makanan Reusable,Menggunakan wadah makanan reusable untuk membawa bekal atau menyimpan sisa makanan di rumah adalah langkah kecil yang memiliki dampak besar. Wadah dari bahan kaca atau stainless steel lebih tahan lama dan aman bagi kesehatan dibandingkan wadah plastik sekali pakai.,blob:http://localhost:3000/3b6a0448-d873-4335-a29e-52572657cdda,2024-06-23 01:07:07.117,2024-06-23 01:07:07.117,2024-06-23 01:11:33.003
372,ART0098,Pilih Produk dengan Kemasan Ramah Lingkungan,"Saat berbelanja, perhatikan kemasan produk yang kamu beli. Pilih produk dengan kemasan ramah lingkungan, seperti kemasan yang dapat didaur ulang atau yang terbuat dari bahan biodegradable. Dengan begitu, kamu ikut berkontribusi mengurangi jumlah sampah plastik yang berakhir di tempat pembuangan akhir.",blob:http://localhost:3000/2d8b9d3e-e951-48cd-8189-20c7bcfd6929,2024-06-23 01:07:07.121,2024-06-23 01:07:07.121,2024-06-23 01:11:33.003
373,ART0098,Bawa Tas Belanja Sendiri,"Salah satu cara termudah untuk mengurangi penggunaan plastik adalah dengan membawa tas belanja sendiri setiap kali berbelanja. Tas kain atau tote bag yang bisa digunakan berulang kali tidak hanya ramah lingkungan, tapi juga lebih stylish dan tahan lama dibandingkan tas plastik sekali pakai.",blob:http://localhost:3000/c4f62ead-0f18-4994-9276-6b55795dfd97,2024-06-23 01:11:33.008,2024-06-23 01:11:33.008,
374,ART0098,Hindari Penggunaan Sedotan Plastik,"Sedotan plastik adalah salah satu produk sekali pakai yang sering kita temui dalam kehidupan sehari-hari. Untuk menguranginya, kamu bisa memilih sedotan dari bahan yang lebih ramah lingkungan seperti stainless steel, bambu, atau kaca. Lebih baik lagi, latih dirimu untuk minum langsung dari gelas tanpa menggunakan sedotan.",blob:http://localhost:3000/b60be953-6dc8-4c96-9887-a2891f70d6d7,2024-06-23 01:11:33.012,2024-06-23 01:11:33.012,
375,ART0098,Bawa Botol Minum Isi Ulang,"Daripada membeli air minum dalam botol plastik, lebih baik membawa botol minum isi ulang ke mana pun kamu pergi. Selain mengurangi sampah plastik, membawa botol minum sendiri juga lebih ekonomis dan memastikan kamu tetap terhidrasi sepanjang hari.",blob:http://localhost:3000/ae05461d-429f-49a9-b0d5-89a92418d38b,2024-06-23 01:11:33.015,2024-06-23 01:11:33.015,
376,ART0098,Gunakan Wadah Makanan Reusable,Menggunakan wadah makanan reusable untuk membawa bekal atau menyimpan sisa makanan di rumah adalah langkah kecil yang memiliki dampak besar. Wadah dari bahan kaca atau stainless steel lebih tahan lama dan aman bagi kesehatan dibandingkan wadah plastik sekali pakai.,blob:http://localhost:3000/0f18e888-4c0a-42c5-a215-46bff092a610,2024-06-23 01:11:33.019,2024-06-23 01:11:33.019,
377,ART0098,Pilih Produk dengan Kemasan Ramah Lingkungan,"Saat berbelanja, perhatikan kemasan produk yang kamu beli. Pilih produk dengan kemasan ramah lingkungan, seperti kemasan yang dapat didaur ulang atau yang terbuat dari bahan biodegradable. Dengan begitu, kamu ikut berkontribusi mengurangi jumlah sampah plastik yang berakhir di tempat pembuangan akhir.",blob:http://localhost:3000/713cabd2-8be8-4b20-bd64-0f283983cfa6,2024-06-23 01:11:33.024,2024-06-23 01:11:33.024,
378,ART0103,Panduan Daur Ulang Plastik yang Efektif,Panduan praktis untuk mendaur ulang plastik secara efektif di rumah. Mulai dari pemilahan hingga proses daur ulang yang ramah lingkungan.,https://res.cloudinary.com/dlbbsdd3a/image/upload/v1719109378/recything/article/eacqlwaayqksdb3iy42l.png,2024-06-23 02:22:59.486,2024-06-23 02:22:59.486,2024-06-23 02:24:32.181
379,ART0104,Panduan Daur Ulang Plastik yang Efektif,Panduan praktis untuk mendaur ulang plastik secara efektif di rumah. Mulai dari pemilahan hingga proses daur ulang yang ramah lingkungan.,https://res.cloudinary.com/dlbbsdd3a/image/upload/v1719110023/recything/article/h8wi6jo70fcnuckphv8q.png,2024-06-23 02:33:45.048,2024-06-23 02:33:45.048,
