id,task_challenge_id,title,description,created_at,updated_at,deleted_at
1,TM0001,Step 1,These why you. Band sorrow theirs.,2024-01-23 07:51:11.000,2024-06-15 13:03:34.221,2024-06-20 11:00:27.905
2,TM0001,Step 2,In off him. Besides that his.,2024-01-06 15:19:29.000,2024-06-15 13:03:34.225,2024-06-20 11:00:27.905
3,TM0001,Step 3,Such in would. This should indeed.,2024-02-17 03:44:13.000,2024-06-15 13:03:34.230,2024-06-20 11:00:27.905
4,TM0001,Step 4,Double their alternatively. Without ours below.,2024-02-20 05:12:57.000,2024-06-15 13:03:34.234,2024-06-20 11:00:27.905
5,TM0002,Step 1,From summation congregation. Have e.g. even.,2024-04-12 04:22:38.000,2024-06-15 13:03:34.239,
6,TM0002,Step 2,Under you full. Finally begin for.,2024-02-08 15:02:27.000,2024-06-15 13:03:34.243,
7,TM0002,Step 3,Basket tomatoes Welsh. How whose grasp.,2024-04-18 23:02:25.000,2024-06-15 13:03:34.247,
8,TM0002,Step 4,Equally their few. His how that.,2024-04-06 03:08:25.000,2024-06-15 13:03:34.251,
9,TM0003,Step 1,Tea any what. Case before words.,2024-01-02 09:22:03.000,2024-06-15 13:03:34.255,
10,TM0003,Step 2,I she time. His conclude discover.,2024-01-02 22:27:58.000,2024-06-15 13:03:34.259,
11,TM0003,Step 3,School sedge seldom. Hers i.e. on.,2024-01-02 09:50:19.000,2024-06-15 13:03:34.264,
12,TM0003,Step 4,Hmm elsewhere whoever. Often sunshine galaxy.,2024-01-01 11:19:39.000,2024-06-15 13:03:34.269,
13,TM0004,Step 1,Pronunciation place shall. This upon are.,2024-01-05 03:15:20.000,2024-06-15 13:03:34.273,
14,TM0004,Step 2,This dangerous his. From squeak hmm.,2024-01-12 11:49:30.000,2024-06-15 13:03:34.277,
15,TM0004,Step 3,Onto whomever now. Too frailty at.,2024-01-11 14:59:53.000,2024-06-15 13:03:34.281,
16,TM0004,Step 4,Choir substantial which. Besides his either.,2024-01-10 21:07:55.000,2024-06-15 13:03:34.285,
17,TM0005,Step 1,Whom all herself. Doubtfully up buy.,2024-02-01 06:49:56.000,2024-06-15 13:03:34.289,
18,TM0005,Step 2,Regiment which myself. Much despite end.,2024-01-14 16:53:49.000,2024-06-15 13:03:34.294,
19,TM0005,Step 3,Where woman him. Shower today normally.,2024-03-14 03:15:27.000,2024-06-15 13:03:34.298,
20,TM0005,Step 4,Then child to. On imitate with.,2024-03-09 14:51:22.000,2024-06-15 13:03:34.302,
21,TM0005,Step 5,Kitchen each over. Jump least bale.,2024-01-08 10:08:28.000,2024-06-15 13:03:34.312,
22,TM0006,Step 1,Himself neither despite. Whose read theirs.,2024-04-15 13:26:18.000,2024-06-15 13:03:34.316,
23,TM0006,Step 2,Lot that kuban. All boxers I.,2024-01-17 06:44:26.000,2024-06-15 13:03:34.321,
24,TM0006,Step 3,Return secondly of. Does you any.,2024-01-10 01:29:33.000,2024-06-15 13:03:34.325,
25,TM0007,Step 1,Anything shrimp smell. Downstairs than phew.,2024-02-09 05:39:48.000,2024-06-15 13:03:34.329,2024-06-19 13:51:32.004
26,TM0007,Step 2,Kind today why. Why which provided.,2024-05-12 22:18:06.000,2024-06-15 13:03:34.332,2024-06-19 13:51:32.004
27,TM0008,Step 1,What nearby with. Sensibly we were.,2024-02-18 17:33:41.000,2024-06-15 13:03:34.337,2024-06-18 12:51:23.887
28,TM0008,Step 2,Do instead example. Fortnightly vivaciously too.,2024-04-22 22:12:14.000,2024-06-15 13:03:34.342,2024-06-18 12:51:23.887
29,TM0008,Step 3,Due relaxation you. Here almost he.,2024-02-12 19:40:07.000,2024-06-15 13:03:34.346,2024-06-18 12:51:23.887
30,TM0009,Step 1,Those nightly execute. Milk ourselves did.,2024-01-02 00:09:46.000,2024-06-15 13:03:34.350,2024-06-17 14:14:20.564
31,TM0009,Step 2,Since empty late. Cheese they without.,2024-01-04 06:34:29.000,2024-06-15 13:03:34.354,2024-06-17 14:14:20.564
32,TM0010,Step 1,Lastly nightly yours. Them of who.,2024-04-17 04:17:21.000,2024-06-15 13:03:34.359,2024-06-16 11:46:37.729
33,TM0010,Step 2,Say abundant reel. Almost bevy Indonesian.,2024-03-25 21:53:27.000,2024-06-15 13:03:34.363,2024-06-16 11:46:37.729
34,TM0010,Step 3,School me finally. Tissue every otherwise.,2024-01-05 08:14:14.000,2024-06-15 13:03:34.367,2024-06-16 11:46:37.729
35,TM0010,Step 4,Which yoga team. Me monthly due.,2024-02-15 02:59:07.000,2024-06-15 13:03:34.372,2024-06-16 11:46:37.729
36,TM0011,Step 1,Coldness these there. Besides stress yet.,2024-03-09 15:37:18.000,2024-06-15 13:03:34.376,2024-06-16 11:45:58.042
37,TM0011,Step 2,Its its sew. Tomorrow you other.,2024-01-15 01:28:05.000,2024-06-15 13:03:34.380,2024-06-16 11:45:58.042
38,TM0011,Step 3,Elsewhere above you. What earlier rather.,2024-02-20 08:45:44.000,2024-06-15 13:03:34.385,2024-06-16 11:45:58.042
39,TM0011,Step 4,Down horde whom. Hostel sheaf instance.,2024-03-13 02:25:04.000,2024-06-15 13:03:34.389,2024-06-16 11:45:58.042
40,TM0012,Step 1,Yikes cloud packet. Herself by a.,2024-01-23 23:40:50.000,2024-06-15 13:03:34.393,
41,TM0012,Step 2,Freeze besides tonight. These that those.,2024-01-16 20:09:23.000,2024-06-15 13:03:34.398,
42,TM0012,Step 3,Any set another. Hand it Cormoran.,2024-02-13 17:39:55.000,2024-06-15 13:03:34.402,
43,TM0013,Step 1,From yearly but. Knowledge cackle where.,2024-01-30 04:03:40.000,2024-06-15 13:03:34.405,
44,TM0013,Step 2,Problem understand awareness. Herself sufficient whose.,2024-01-08 21:30:49.000,2024-06-15 13:03:34.409,
45,TM0013,Step 3,Never i.e. Sammarinese. Her these eek.,2024-01-21 21:29:49.000,2024-06-15 13:03:34.413,
46,TM0013,Step 4,That begin Caesarian. Each luxury leap.,2024-01-24 22:06:58.000,2024-06-15 13:03:34.417,
47,TM0013,Step 5,Country cackle sternly. Field because yourselves.,2024-01-21 20:24:52.000,2024-06-15 13:03:34.422,
48,TM0014,Step 1,Due everybody what. Next it unless.,2024-01-03 03:13:59.000,2024-06-15 13:03:34.430,
49,TM0014,Step 2,Eye those it. Consequently our may.,2024-03-07 11:22:07.000,2024-06-15 13:03:34.434,
50,TM0014,Step 3,Posse that point. Aristotelian promptly example.,2024-01-27 11:53:32.000,2024-06-15 13:03:34.437,
51,TM0014,Step 4,Tonight cook musician. Out to could.,2024-03-24 07:54:03.000,2024-06-15 13:03:34.441,
52,TM0015,Step 1,Leap often jump. Imagination monthly something.,2024-06-24 05:09:20.000,2024-06-15 13:03:34.446,2024-06-16 11:47:58.881
53,TM0015,Step 2,Daily behind bravery. Bale evidence troupe.,2024-04-10 21:41:04.000,2024-06-15 13:03:34.450,2024-06-16 11:47:58.881
54,TM0016,Step 1,Whomever some irritably. Galaxy sensibly Sammarinese.,2024-03-01 18:22:30.000,2024-06-15 13:03:34.454,
55,TM0016,Step 2,But it now. Huh pack at.,2024-03-18 09:48:16.000,2024-06-15 13:03:34.460,
56,TM0017,Step 1,Horde whenever now. From few friend.,2024-01-11 05:14:15.000,2024-06-15 13:03:34.463,
57,TM0017,Step 2,Does as finally. E.g. moment that.,2024-01-13 03:46:35.000,2024-06-15 13:03:34.468,
58,TM0017,Step 3,Accordingly ours whenever. Bale after suspiciously.,2024-01-28 15:34:28.000,2024-06-15 13:03:34.472,
59,TM0017,Step 4,We they enthusiastic. That greatly bouquet.,2024-02-26 23:54:41.000,2024-06-15 13:03:34.476,
60,TM0018,Step 1,Understanding than would. Everything your artist.,2024-01-01 09:58:01.000,2024-06-15 13:03:34.480,2024-06-16 06:48:29.627
61,TM0018,Step 2,Generally whatever rain. It lastly in.,2024-01-01 06:56:39.000,2024-06-15 13:03:34.484,2024-06-16 06:48:29.627
62,TM0018,Step 3,Whose consequently life. Mine catalog everybody.,2024-01-01 09:59:50.000,2024-06-15 13:03:34.488,2024-06-16 06:48:29.627
63,TM0019,Step 1,Panic example am. Down it consequently.,2024-05-07 00:09:57.000,2024-06-15 13:03:34.492,
64,TM0019,Step 2,Innocence in few. Has does whose.,2024-04-18 14:45:12.000,2024-06-15 13:03:34.497,
65,TM0020,Step 1,Those e.g. up. Without today yesterday.,2024-01-02 08:20:34.000,2024-06-15 13:03:34.501,
66,TM0020,Step 2,This then company. Who formerly these.,2024-01-04 13:31:35.000,2024-06-15 13:03:34.504,
67,TM0020,Step 3,Might in host. For toast may.,2024-01-09 10:07:31.000,2024-06-15 13:03:34.509,
68,TM0020,Step 4,Crawl where of. Which deskpath belief.,2024-01-09 22:55:18.000,2024-06-15 13:03:34.513,
69,TM0020,Step 5,Yourself into child. That may ours.,2024-01-09 14:08:18.000,2024-06-15 13:03:34.516,
70,TM0018,Step 1,Understanding than would. Everything your artist.,2024-06-16 06:48:29.629,2024-06-16 06:48:29.629,
71,TM0018,Step 2,Generally whatever rain. It lastly in.,2024-06-16 06:48:29.629,2024-06-16 06:48:29.629,
72,TM0018,Step 3,Whose consequently life. Mine catalog everybody.,2024-06-16 06:48:29.629,2024-06-16 06:48:29.629,
73,TM0011,Step 1,Coldness these there. Besides stress yet.,2024-06-16 11:45:58.044,2024-06-16 11:45:58.044,2024-06-16 11:47:14.176
74,TM0011,Step 2,Its its sew. Tomorrow you other.,2024-06-16 11:45:58.044,2024-06-16 11:45:58.044,2024-06-16 11:47:14.176
75,TM0011,Step 3,Elsewhere above you. What earlier rather.,2024-06-16 11:45:58.044,2024-06-16 11:45:58.044,2024-06-16 11:47:14.176
76,TM0011,Step 4,Down horde whom. Hostel sheaf instance.,2024-06-16 11:45:58.044,2024-06-16 11:45:58.044,2024-06-16 11:47:14.176
77,TM0010,Step 1,Lastly nightly yours. Them of who.,2024-06-16 11:46:37.733,2024-06-16 11:46:37.733,2024-06-16 16:20:33.865
78,TM0010,Step 2,Say abundant reel. Almost bevy Indonesian.,2024-06-16 11:46:37.733,2024-06-16 11:46:37.733,2024-06-16 16:20:33.865
79,TM0010,Step 3,School me finally. Tissue every otherwise.,2024-06-16 11:46:37.733,2024-06-16 11:46:37.733,2024-06-16 16:20:33.865
80,TM0010,Step 4,Which yoga team. Me monthly due.,2024-06-16 11:46:37.733,2024-06-16 11:46:37.733,2024-06-16 16:20:33.865
81,TM0011,Step 1,Coldness these there. Besides stress yet.,2024-06-16 11:47:14.179,2024-06-16 11:47:14.179,2024-06-16 11:49:49.710
82,TM0011,Step 2,Its its sew. Tomorrow you other.,2024-06-16 11:47:14.179,2024-06-16 11:47:14.179,2024-06-16 11:49:49.710
83,TM0011,Step 3,Elsewhere above you. What earlier rather.,2024-06-16 11:47:14.179,2024-06-16 11:47:14.179,2024-06-16 11:49:49.710
84,TM0011,Step 4,Down horde whom. Hostel sheaf instance.,2024-06-16 11:47:14.179,2024-06-16 11:47:14.179,2024-06-16 11:49:49.710
85,TM0015,Step 1,Leap often jump. Imagination monthly something.,2024-06-16 11:47:58.884,2024-06-16 11:47:58.884,2024-06-16 11:50:35.323
86,TM0015,Step 2,Daily behind bravery. Bale evidence troupe.,2024-06-16 11:47:58.884,2024-06-16 11:47:58.884,2024-06-16 11:50:35.323
87,TM0011,Step 1,Coldness these there. Besides stress yet.,2024-06-16 11:49:49.713,2024-06-16 11:49:49.713,2024-06-16 16:20:13.998
88,TM0011,Step 2,Its its sew. Tomorrow you other.,2024-06-16 11:49:49.713,2024-06-16 11:49:49.713,2024-06-16 16:20:13.998
89,TM0011,Step 3,Elsewhere above you. What earlier rather.,2024-06-16 11:49:49.713,2024-06-16 11:49:49.713,2024-06-16 16:20:13.998
90,TM0011,Step 4,Down horde whom. Hostel sheaf instance.,2024-06-16 11:49:49.713,2024-06-16 11:49:49.713,2024-06-16 16:20:13.998
91,TM0015,Step 1,Leap often jump. Imagination monthly something.,2024-06-16 11:50:35.324,2024-06-16 11:50:35.324,2024-06-16 11:50:50.959
92,TM0015,Step 2,Daily behind bravery. Bale evidence troupe.,2024-06-16 11:50:35.324,2024-06-16 11:50:35.324,2024-06-16 11:50:50.959
93,TM0015,Step 1,Leap often jump. Imagination monthly something.,2024-06-16 11:50:50.960,2024-06-16 11:50:50.960,
94,TM0015,Step 2,Daily behind bravery. Bale evidence troupe.,2024-06-16 11:50:50.960,2024-06-16 11:50:50.960,
95,TM0011,Step 1,Coldness these there. Besides stress yet.,2024-06-16 16:20:14.001,2024-06-16 16:20:14.001,2024-06-19 16:47:41.235
96,TM0011,Step 2,Its its sew. Tomorrow you other.,2024-06-16 16:20:14.001,2024-06-16 16:20:14.001,2024-06-19 16:47:41.235
97,TM0011,Step 3,Elsewhere above you. What earlier rather.,2024-06-16 16:20:14.001,2024-06-16 16:20:14.001,2024-06-19 16:47:41.235
98,TM0011,Step 4,Down horde whom. Hostel sheaf instance.,2024-06-16 16:20:14.001,2024-06-16 16:20:14.001,2024-06-19 16:47:41.235
99,TM0010,Step 1,Lastly nightly yours. Them of who.,2024-06-16 16:20:33.869,2024-06-16 16:20:33.869,2024-06-20 09:57:39.126
100,TM0010,Step 2,Say abundant reel. Almost bevy Indonesian.,2024-06-16 16:20:33.869,2024-06-16 16:20:33.869,2024-06-20 09:57:39.126
101,TM0010,Step 3,School me finally. Tissue every otherwise.,2024-06-16 16:20:33.869,2024-06-16 16:20:33.869,2024-06-20 09:57:39.126
102,TM0010,Step 4,Which yoga team. Me monthly due.,2024-06-16 16:20:33.869,2024-06-16 16:20:33.869,2024-06-20 09:57:39.126
103,TM0009,Step 1,Those nightly execute. Milk ourselves did.,2024-06-17 14:14:20.565,2024-06-17 14:14:20.565,2024-06-19 16:48:35.793
104,TM0009,Step 2,Since empty late. Cheese they without.,2024-06-17 14:14:20.565,2024-06-17 14:14:20.565,2024-06-19 16:48:35.793
105,TM0008,Step 1,What nearby with. Sensibly we were.,2024-06-18 12:51:23.889,2024-06-18 12:51:23.889,2024-06-19 16:29:25.071
106,TM0008,Step 2,Do instead example. Fortnightly vivaciously too.,2024-06-18 12:51:23.889,2024-06-18 12:51:23.889,2024-06-19 16:29:25.071
107,TM0008,Step 3,Due relaxation you. Here almost he.,2024-06-18 12:51:23.889,2024-06-18 12:51:23.889,2024-06-19 16:29:25.071
112,TM0023,Temukan Sampah Botol Plastik,"Cari dan kumpulkan botol plastik di sekitar rumah, tempat kerja, atau area umum lainnya.",2024-06-19 13:48:14.498,2024-06-19 13:48:14.498,2024-06-19 13:49:02.637
113,TM0023,Kumpulkan dan Pisahkan,Kumpulkan botol plastik di satu tempat dan pastikan untuk memisahkannya dari jenis sampah lain.,2024-06-19 13:48:14.498,2024-06-19 13:48:14.498,2024-06-19 13:49:02.637
114,TM0023,Masukkan ke Tong Sampah Daur Ulang,Buang botol plastik yang sudah terkumpul ke dalam tong sampah khusus untuk daur ulang.,2024-06-19 13:48:14.498,2024-06-19 13:48:14.498,2024-06-19 13:49:02.637
115,TM0023,Temukan Sampah Botol Plastik,"Cari dan kumpulkan botol plastik di sekitar rumah, tempat kerja, atau area umum lainnya.",2024-06-19 13:49:02.639,2024-06-19 13:49:02.639,
116,TM0023,Kumpulkan dan Pisahkan,Kumpulkan botol plastik di satu tempat dan pastikan untuk memisahkannya dari jenis sampah lain.,2024-06-19 13:49:02.639,2024-06-19 13:49:02.639,
117,TM0023,Masukkan ke Tong Sampah Daur Ulang,Buang botol plastik yang sudah terkumpul ke dalam tong sampah khusus untuk daur ulang.,2024-06-19 13:49:02.639,2024-06-19 13:49:02.639,
118,TM0007,Step 1,Anything shrimp smell. Downstairs than phew.,2024-06-19 13:51:32.005,2024-06-19 13:51:32.005,2024-06-19 13:51:56.906
119,TM0007,Step 2,Kind today why. Why which provided.,2024-06-19 13:51:32.005,2024-06-19 13:51:32.005,2024-06-19 13:51:56.906
120,TM0007,Step 1,Anything shrimp smell. Downstairs than phew.,2024-06-19 13:51:56.908,2024-06-19 13:51:56.908,2024-06-19 16:29:07.900
121,TM0007,Step 2,Kind today why. Why which provided.,2024-06-19 13:51:56.908,2024-06-19 13:51:56.908,2024-06-19 16:29:07.900
122,TM0007,Step 1,Anything shrimp smell. Downstairs than phew.,2024-06-19 16:29:07.902,2024-06-19 16:29:07.902,
123,TM0007,Step 2,Kind today why. Why which provided.,2024-06-19 16:29:07.902,2024-06-19 16:29:07.902,
124,TM0008,Step 1,What nearby with. Sensibly we were.,2024-06-19 16:29:25.073,2024-06-19 16:29:25.073,2024-06-19 16:29:39.436
125,TM0008,Step 2,Do instead example. Fortnightly vivaciously too.,2024-06-19 16:29:25.073,2024-06-19 16:29:25.073,2024-06-19 16:29:39.436
126,TM0008,Step 3,Due relaxation you. Here almost he.,2024-06-19 16:29:25.073,2024-06-19 16:29:25.073,2024-06-19 16:29:39.436
127,TM0008,Step 1,What nearby with. Sensibly we were.,2024-06-19 16:29:39.438,2024-06-19 16:29:39.438,
128,TM0008,Step 2,Do instead example. Fortnightly vivaciously too.,2024-06-19 16:29:39.438,2024-06-19 16:29:39.438,
129,TM0008,Step 3,Due relaxation you. Here almost he.,2024-06-19 16:29:39.438,2024-06-19 16:29:39.438,
130,TM0011,Step 1,Coldness these there. Besides stress yet.,2024-06-19 16:47:41.237,2024-06-19 16:47:41.237,2024-06-19 16:50:26.103
131,TM0011,Step 2,Its its sew. Tomorrow you other.,2024-06-19 16:47:41.237,2024-06-19 16:47:41.237,2024-06-19 16:50:26.103
132,TM0011,Step 3,Elsewhere above you. What earlier rather.,2024-06-19 16:47:41.237,2024-06-19 16:47:41.237,2024-06-19 16:50:26.103
133,TM0011,Step 4,Down horde whom. Hostel sheaf instance.,2024-06-19 16:47:41.237,2024-06-19 16:47:41.237,2024-06-19 16:50:26.103
134,TM0009,Step 1,Those nightly execute. Milk ourselves did.,2024-06-19 16:48:35.795,2024-06-19 16:48:35.795,
135,TM0009,Step 2,Since empty late. Cheese they without.,2024-06-19 16:48:35.795,2024-06-19 16:48:35.795,
136,TM0011,Step 1,Coldness these there. Besides stress yet.,2024-06-19 16:50:26.106,2024-06-19 16:50:26.106,2024-06-20 13:23:10.183
137,TM0011,Step 2,Its its sew. Tomorrow you other.,2024-06-19 16:50:26.106,2024-06-19 16:50:26.106,2024-06-20 13:23:10.183
138,TM0011,Step 3,Elsewhere above you. What earlier rather.,2024-06-19 16:50:26.106,2024-06-19 16:50:26.106,2024-06-20 13:23:10.183
139,TM0011,Step 4,Down horde whom. Hostel sheaf instance.,2024-06-19 16:50:26.106,2024-06-19 16:50:26.106,2024-06-20 13:23:10.183
140,TM0024,Temukan sampah botol plastik,"Cari dan kumpulkan botol plastik di sekitar rumah, tempat kerja, atau area umum lainnya.",2024-06-20 09:56:52.747,2024-06-20 09:56:52.747,2024-06-20 09:58:30.402
141,TM0024,Kumpulkan dan pisahkan,Kumpulkan botol plastik di satu tempat dan pastikan untuk memisahkannya dari jenis sampah yang lain,2024-06-20 09:56:52.747,2024-06-20 09:56:52.747,2024-06-20 09:58:30.402
142,TM0024,Masukkan ke tong sampah daur ulang,Buang botol plastik yang sudah terkumpul ke dalam tong sampah khusus untuk daur ulang,2024-06-20 09:56:52.747,2024-06-20 09:56:52.747,2024-06-20 09:58:30.402
143,TM0010,Step 1,Lastly nightly yours. Them of who.,2024-06-20 09:57:39.128,2024-06-20 09:57:39.128,
144,TM0010,Step 2,Say abundant reel. Almost bevy Indonesian.,2024-06-20 09:57:39.128,2024-06-20 09:57:39.128,
145,TM0010,Step 3,School me finally. Tissue every otherwise.,2024-06-20 09:57:39.128,2024-06-20 09:57:39.128,
146,TM0010,Step 4,Which yoga team. Me monthly due.,2024-06-20 09:57:39.128,2024-06-20 09:57:39.128,
147,TM0024,Temukan sampah botol plastik,"Cari dan kumpulkan botol plastik di sekitar rumah, tempat kerja, atau area umum lainnya.",2024-06-20 09:58:30.403,2024-06-20 09:58:30.403,
148,TM0024,Kumpulkan dan pisahkan,Kumpulkan botol plastik di satu tempat dan pastikan untuk memisahkannya dari jenis sampah yang lain,2024-06-20 09:58:30.403,2024-06-20 09:58:30.403,
149,TM0024,Masukkan ke tong sampah daur ulang,Buang botol plastik yang sudah terkumpul ke dalam tong sampah khusus untuk daur ulang,2024-06-20 09:58:30.403,2024-06-20 09:58:30.403,
150,TM0001,Step 1,Step 1 description,2024-06-20 11:00:27.907,2024-06-20 11:00:27.907,2024-06-20 11:22:42.855
151,TM0001,Step 1,Step 1 description,2024-06-20 11:22:42.857,2024-06-20 11:22:42.857,2024-06-20 17:22:41.492
154,TM0011,Step 1,Coldness these there. Besides stress yet.,2024-06-20 13:23:10.186,2024-06-20 13:23:10.186,
155,TM0011,Step 2,Its its sew. Tomorrow you other.,2024-06-20 13:23:10.186,2024-06-20 13:23:10.186,
156,TM0011,Step 3,Elsewhere above you. What earlier rather.,2024-06-20 13:23:10.186,2024-06-20 13:23:10.186,
157,TM0011,Step 4,Down horde whom. Hostel sheaf instance.,2024-06-20 13:23:10.186,2024-06-20 13:23:10.186,
158,TM0001,Step 1,Step 1 description,2024-06-20 17:22:41.494,2024-06-20 17:22:41.494,
165,TM0027,Cari di Kota dan desa,"orem ipsum dolor sit amet, consectetur adipiscing elit. Nunc vel tempus quam. Quisque feugiat tortor purus, ut interdum tellus ornare vel. Pellentesque ac ex a ex accumsan convallis et ut dolor. Mauris magna ligula, pulvinar id augue sit amet, efficitur blandit nisi. Cras condimentum lorem ex, non efficitur leo euismod eu. Cras egestas mauris quis tortor porttitor egestas. Praesent eleifend commodo ligula, id fermentum lectus tincidunt et. Lorem ipsum dolor sit amet, consectetur adipiscing elit. Suspendisse facilisis vitae nulla quis mattis. Duis ut neque diam. Nam lobortis efficitur convallis. Aliquam ligula ligula, rhoncus in dictum in, congue non magna.",2024-06-21 16:57:16.127,2024-06-21 16:57:16.127,2024-06-21 17:04:18.364
166,TM0027,Cari di pemerin,"orem ipsum dolor sit amet, consectetur adipiscing elit. Nunc vel tempus quam. Quisque feugiat tortor purus, ut interdum tellus ornare vel. Pellentesque ac ex a ex accumsan convallis et ut dolor. Mauris magna ligula, pulvinar id augue sit amet, efficitur blandit nisi. Cras condimentum lorem ex, non efficitur leo euismod eu. Cras egestas mauris quis tortor porttitor egestas. Praesent eleifend commodo ligula, id fermentum lectus tincidunt et. Lorem ipsum dolor sit amet, consectetur adipiscing elit. Suspendisse facilisis vitae nulla quis mattis. Duis ut neque diam. Nam lobortis efficitur convallis. Aliquam ligula ligula, rhoncus in dictum in, congue non magna.",2024-06-21 16:57:16.127,2024-06-21 16:57:16.127,2024-06-21 17:04:18.364
167,TM0027,Cari di Kota dan desa,"orem ipsum dolor sit amet, consectetur adipiscing elit. Nunc vel tempus quam. Quisque feugiat tortor purus, ut interdum tellus ornare vel. Pellentesque ac ex a ex accumsan convallis et ut dolor. Mauris magna ligula, pulvinar id augue sit amet, efficitur blandit nisi. Cras condimentum lorem ex, non efficitur leo euismod eu. Cras egestas mauris quis tortor porttitor egestas. Praesent eleifend commodo ligula, id fermentum lectus tincidunt et. Lorem ipsum dolor sit amet, consectetur adipiscing elit. Suspendisse facilisis vitae nulla quis mattis. Duis ut neque diam. Nam lobortis efficitur convallis. Aliquam ligula ligula, rhoncus in dictum in, congue non magna.",2024-06-21 17:04:18.365,2024-06-21 17:04:18.365,2024-06-24 04:09:32.631
168,TM0027,Cari di pemerin,"orem ipsum dolor sit amet, consectetur adipiscing elit. Nunc vel tempus quam. Quisque feugiat tortor purus, ut interdum tellus ornare vel. Pellentesque ac ex a ex accumsan convallis et ut dolor. Mauris magna ligula, pulvinar id augue sit amet, efficitur blandit nisi. Cras condimentum lorem ex, non efficitur leo euismod eu. Cras egestas mauris quis tortor porttitor egestas. Praesent eleifend commodo ligula, id fermentum lectus tincidunt et. Lorem ipsum dolor sit amet, consectetur adipiscing elit. Suspendisse facilisis vitae nulla quis mattis. Duis ut neque diam. Nam lobortis efficitur convallis. Aliquam ligula ligula, rhoncus in dictum in, congue non magna.",2024-06-21 17:04:18.365,2024-06-21 17:04:18.365,2024-06-24 04:09:32.631
169,TM0027,Step 3,"orem ipsum dolor sit amet, consectetur adipiscing elit. Nunc vel tempus quam. Quisque feugiat tortor purus, ut interdum tellus ornare vel. Pellentesque ac ex a ex accumsan convallis et ut dolor. Mauris magna ligula, pulvinar id augue sit amet, efficitur blandit nisi. Cras condimentum lorem ex, non efficitur leo euismod eu. Cras egestas mauris quis tortor porttitor egestas. Praesent eleifend commodo ligula, id fermentum lectus tincidunt et. Lorem ipsum dolor sit amet, consectetur adipiscing elit. Suspendisse facilisis vitae nulla quis mattis. Duis ut neque diam. Nam lobortis efficitur convallis. Aliquam ligula ligula, rhoncus in dictum in, congue non magna.",2024-06-21 17:04:18.365,2024-06-21 17:04:18.365,2024-06-24 04:09:32.631
184,TM0031,Kumpulkan Botol,Kumpulkan botol plastik dari rumah dan area sekitar Anda.,2024-06-24 02:54:11.925,2024-06-24 02:54:11.925,2024-06-24 02:57:31.012
185,TM0031,Bawa ke Pusat Daur Ulang,Bawa botol yang telah dikumpulkan ke pusat daur ulang terdekat.,2024-06-24 02:54:11.925,2024-06-24 02:54:11.925,2024-06-24 02:57:31.012
186,TM0032,Kumpulkan Kertas,Kumpulkan kertas bekas dari rumah dan kantor Anda.,2024-06-24 02:54:13.527,2024-06-24 02:54:13.527,
187,TM0032,Bawa ke Pusat Daur Ulang,Bawa kertas yang telah dikumpulkan ke pusat daur ulang terdekat.,2024-06-24 02:54:13.527,2024-06-24 02:54:13.527,
188,TM0033,Kumpulkan Sampah Organik,Kumpulkan sampah organik seperti sisa makanan dan daun.,2024-06-24 02:54:15.211,2024-06-24 02:54:15.211,
189,TM0033,Buat Kompos,Proses sampah organik menjadi kompos di rumah Anda.,2024-06-24 02:54:15.211,2024-06-24 02:54:15.211,
190,TM0034,Kumpulkan Kaca,Kumpulkan kaca bekas dari rumah dan lingkungan sekitar Anda.,2024-06-24 02:54:17.138,2024-06-24 02:54:17.138,
191,TM0034,Bawa ke Pusat Daur Ulang,Bawa kaca yang telah dikumpulkan ke pusat daur ulang terdekat.,2024-06-24 02:54:17.138,2024-06-24 02:54:17.138,
192,TM0035,Gunakan Tas Belanja Kain,Gunakan tas belanja kain daripada tas plastik saat berbelanja.,2024-06-24 02:54:18.479,2024-06-24 02:54:18.479,
193,TM0035,Gunakan Botol Minum Reusable,Gunakan botol minum yang dapat digunakan kembali daripada botol plastik sekali pakai.,2024-06-24 02:54:18.479,2024-06-24 02:54:18.479,
194,TM0036,Kumpulkan Aluminium,Kumpulkan aluminium bekas dari rumah dan lingkungan sekitar Anda.,2024-06-24 02:54:19.817,2024-06-24 02:54:19.817,
195,TM0036,Bawa ke Pusat Daur Ulang,Bawa aluminium yang telah dikumpulkan ke pusat daur ulang terdekat.,2024-06-24 02:54:19.817,2024-06-24 02:54:19.817,
196,TM0037,Kumpulkan Barang Elektronik,Kumpulkan barang elektronik bekas yang tidak terpakai di rumah Anda.,2024-06-24 02:54:21.892,2024-06-24 02:54:21.892,
197,TM0037,Bawa ke Pusat Daur Ulang Elektronik,Bawa barang elektronik yang telah dikumpulkan ke pusat daur ulang elektronik terdekat.,2024-06-24 02:54:21.892,2024-06-24 02:54:21.892,
198,TM0038,Siapkan Dua Tempat Sampah,Siapkan dua tempat sampah di rumah untuk sampah organik dan anorganik.,2024-06-24 02:54:23.498,2024-06-24 02:54:23.498,
199,TM0038,Pilah Sampah Setiap Hari,Pisahkan sampah rumah tangga ke dalam dua tempat sampah yang telah disiapkan.,2024-06-24 02:54:23.498,2024-06-24 02:54:23.498,
200,TM0039,Kumpulkan Pakaian Bekas,Kumpulkan pakaian bekas yang masih layak pakai dari rumah Anda.,2024-06-24 02:54:24.890,2024-06-24 02:54:24.890,
201,TM0039,Donasikan atau Daur Ulang,Donasikan pakaian bekas atau bawa ke pusat daur ulang tekstil terdekat.,2024-06-24 02:54:24.890,2024-06-24 02:54:24.890,
202,TM0040,Kumpulkan Baterai Bekas,Kumpulkan baterai bekas dari rumah Anda.,2024-06-24 02:54:26.289,2024-06-24 02:54:26.289,
203,TM0040,Bawa ke Pusat Daur Ulang Baterai,Bawa baterai yang telah dikumpulkan ke pusat daur ulang baterai terdekat.,2024-06-24 02:54:26.289,2024-06-24 02:54:26.289,
204,TM0031,Kumpulkan Botol,Kumpulkan botol plastik dari rumah dan area sekitar Anda.,2024-06-24 02:57:31.014,2024-06-24 02:57:31.014,
205,TM0031,Bawa ke Pusat Daur Ulang,Bawa botol yang telah dikumpulkan ke pusat daur ulang terdekat.,2024-06-24 02:57:31.014,2024-06-24 02:57:31.014,
206,TM0027,Cari di Kota dan desa,"orem ipsum dolor sit amet, consectetur adipiscing elit. Nunc vel tempus quam. Quisque feugiat tortor purus, ut interdum tellus ornare vel. Pellentesque ac ex a ex accumsan convallis et ut dolor. Mauris magna ligula, pulvinar id augue sit amet, efficitur blandit nisi. Cras condimentum lorem ex, non efficitur leo euismod eu. Cras egestas mauris quis tortor porttitor egestas. Praesent eleifend commodo ligula, id fermentum lectus tincidunt et. Lorem ipsum dolor sit amet, consectetur adipiscing elit. Suspendisse facilisis vitae nulla quis mattis. Duis ut neque diam. Nam lobortis efficitur convallis. Aliquam ligula ligula, rhoncus in dictum in, congue non magna.",2024-06-24 04:09:32.633,2024-06-24 04:09:32.633,2024-06-24 04:10:00.527
207,TM0027,Cari di pemerin,"orem ipsum dolor sit amet, consectetur adipiscing elit. Nunc vel tempus quam. Quisque feugiat tortor purus, ut interdum tellus ornare vel. Pellentesque ac ex a ex accumsan convallis et ut dolor. Mauris magna ligula, pulvinar id augue sit amet, efficitur blandit nisi. Cras condimentum lorem ex, non efficitur leo euismod eu. Cras egestas mauris quis tortor porttitor egestas. Praesent eleifend commodo ligula, id fermentum lectus tincidunt et. Lorem ipsum dolor sit amet, consectetur adipiscing elit. Suspendisse facilisis vitae nulla quis mattis. Duis ut neque diam. Nam lobortis efficitur convallis. Aliquam ligula ligula, rhoncus in dictum in, congue non magna.",2024-06-24 04:09:32.633,2024-06-24 04:09:32.633,2024-06-24 04:10:00.527
208,TM0027,Step 3,"orem ipsum dolor sit amet, consectetur adipiscing elit. Nunc vel tempus quam. Quisque feugiat tortor purus, ut interdum tellus ornare vel. Pellentesque ac ex a ex accumsan convallis et ut dolor. Mauris magna ligula, pulvinar id augue sit amet, efficitur blandit nisi. Cras condimentum lorem ex, non efficitur leo euismod eu. Cras egestas mauris quis tortor porttitor egestas. Praesent eleifend commodo ligula, id fermentum lectus tincidunt et. Lorem ipsum dolor sit amet, consectetur adipiscing elit. Suspendisse facilisis vitae nulla quis mattis. Duis ut neque diam. Nam lobortis efficitur convallis. Aliquam ligula ligula, rhoncus in dictum in, congue non magna.",2024-06-24 04:09:32.633,2024-06-24 04:09:32.633,2024-06-24 04:10:00.527
209,TM0027,Cari di Kota dan desa,"orem ipsum dolor sit amet, consectetur adipiscing elit. Nunc vel tempus quam. Quisque feugiat tortor purus, ut interdum tellus ornare vel. Pellentesque ac ex a ex accumsan convallis et ut dolor. Mauris magna ligula, pulvinar id augue sit amet, efficitur blandit nisi. Cras condimentum lorem ex, non efficitur leo euismod eu. Cras egestas mauris quis tortor porttitor egestas. Praesent eleifend commodo ligula, id fermentum lectus tincidunt et. Lorem ipsum dolor sit amet, consectetur adipiscing elit. Suspendisse facilisis vitae nulla quis mattis. Duis ut neque diam. Nam lobortis efficitur convallis. Aliquam ligula ligula, rhoncus in dictum in, congue non magna.",2024-06-24 04:10:00.529,2024-06-24 04:10:00.529,2024-06-24 04:18:07.972
210,TM0027,Cari di pemerin,"orem ipsum dolor sit amet, consectetur adipiscing elit. Nunc vel tempus quam. Quisque feugiat tortor purus, ut interdum tellus ornare vel. Pellentesque ac ex a ex accumsan convallis et ut dolor. Mauris magna ligula, pulvinar id augue sit amet, efficitur blandit nisi. Cras condimentum lorem ex, non efficitur leo euismod eu. Cras egestas mauris quis tortor porttitor egestas. Praesent eleifend commodo ligula, id fermentum lectus tincidunt et. Lorem ipsum dolor sit amet, consectetur adipiscing elit. Suspendisse facilisis vitae nulla quis mattis. Duis ut neque diam. Nam lobortis efficitur convallis. Aliquam ligula ligula, rhoncus in dictum in, congue non magna.",2024-06-24 04:10:00.529,2024-06-24 04:10:00.529,2024-06-24 04:18:07.972
211,TM0027,Step 3,"orem ipsum dolor sit amet, consectetur adipiscing elit. Nunc vel tempus quam. Quisque feugiat tortor purus, ut interdum tellus ornare vel. Pellentesque ac ex a ex accumsan convallis et ut dolor. Mauris magna ligula, pulvinar id augue sit amet, efficitur blandit nisi. Cras condimentum lorem ex, non efficitur leo euismod eu. Cras egestas mauris quis tortor porttitor egestas. Praesent eleifend commodo ligula, id fermentum lectus tincidunt et. Lorem ipsum dolor sit amet, consectetur adipiscing elit. Suspendisse facilisis vitae nulla quis mattis. Duis ut neque diam. Nam lobortis efficitur convallis. Aliquam ligula ligula, rhoncus in dictum in, congue non magna.",2024-06-24 04:10:00.529,2024-06-24 04:10:00.529,2024-06-24 04:18:07.972
212,TM0027,Cari di Kota dan desa,"orem ipsum dolor sit amet, consectetur adipiscing elit. Nunc vel tempus quam. Quisque feugiat tortor purus, ut interdum tellus ornare vel. Pellentesque ac ex a ex accumsan convallis et ut dolor. Mauris magna ligula, pulvinar id augue sit amet, efficitur blandit nisi. Cras condimentum lorem ex, non efficitur leo euismod eu. Cras egestas mauris quis tortor porttitor egestas. Praesent eleifend commodo ligula, id fermentum lectus tincidunt et. Lorem ipsum dolor sit amet, consectetur adipiscing elit. Suspendisse facilisis vitae nulla quis mattis. Duis ut neque diam. Nam lobortis efficitur convallis. Aliquam ligula ligula, rhoncus in dictum in, congue non magna.",2024-06-24 04:18:07.974,2024-06-24 04:18:07.974,
213,TM0027,Cari di pemerin,"orem ipsum dolor sit amet, consectetur adipiscing elit. Nunc vel tempus quam. Quisque feugiat tortor purus, ut interdum tellus ornare vel. Pellentesque ac ex a ex accumsan convallis et ut dolor. Mauris magna ligula, pulvinar id augue sit amet, efficitur blandit nisi. Cras condimentum lorem ex, non efficitur leo euismod eu. Cras egestas mauris quis tortor porttitor egestas. Praesent eleifend commodo ligula, id fermentum lectus tincidunt et. Lorem ipsum dolor sit amet, consectetur adipiscing elit. Suspendisse facilisis vitae nulla quis mattis. Duis ut neque diam. Nam lobortis efficitur convallis. Aliquam ligula ligula, rhoncus in dictum in, congue non magna.",2024-06-24 04:18:07.974,2024-06-24 04:18:07.974,
214,TM0027,Step 3,"orem ipsum dolor sit amet, consectetur adipiscing elit. Nunc vel tempus quam. Quisque feugiat tortor purus, ut interdum tellus ornare vel. Pellentesque ac ex a ex accumsan convallis et ut dolor. Mauris magna ligula, pulvinar id augue sit amet, efficitur blandit nisi. Cras condimentum lorem ex, non efficitur leo euismod eu. Cras egestas mauris quis tortor porttitor egestas. Praesent eleifend commodo ligula, id fermentum lectus tincidunt et. Lorem ipsum dolor sit amet, consectetur adipiscing elit. Suspendisse facilisis vitae nulla quis mattis. Duis ut neque diam. Nam lobortis efficitur convallis. Aliquam ligula ligula, rhoncus in dictum in, congue non magna.",2024-06-24 04:18:07.974,2024-06-24 04:18:07.974,
