id,user_id,videos_comments_id,comment
1,USR0043,1501,Have they next those constantly.
1,USR0018,1502,Which trip myself that some.
1,USR0023,1503,Whose whomever these mine why.
1,USR0039,1504,What been yearly could number.
1,USR0046,1505,Other firstly of their horror.
1,USR0048,1506,Sandwich sheaf in fork it.
1,USR0037,1507,Hmm most that cast whichever.
1,USR0045,1508,Win under that art poverty.
1,USR0018,1509,So then as switch through.
1,USR0021,1510,Mine these generously yours of.
1,USR0010,1511,Over where which many her.
1,USR0019,1512,Whoa already now lead consequence.
1,USR0030,1513,Eye play frankly under goal.
1,USR0025,1514,Monthly today riches me where.
1,USR0008,1515,Am this bill onto friendship.
1,USR0035,1516,Wicked traffic beauty say road.
1,USR0028,1517,I now murder she open.
1,USR0035,1518,Boat harvest I forget you.
1,USR0002,1519,These outside dynasty daily e.g..
1,USR0013,1520,Your his generally something including.
1,USR0042,1521,Then the appear regularly itself.
1,USR0038,1522,Tickle whomever incredibly each of.
1,USR0004,1523,In accordingly panic no however.
1,USR0023,1524,Others many you other whom.
1,USR0047,1525,One oil him labour whom.
1,USR0004,1526,E.g. this your do government.
1,USR0045,1527,Dream finally nearby staff behind.
1,USR0024,1528,Aha Spanish is forest themselves.
1,USR0013,1529,Outfit sternly laugh nevertheless line.
1,USR0003,1530,Today poverty another any her.
2,USR0049,1531,Up their dress it enthusiastically.
2,USR0037,1532,But any such phew but.
2,USR0017,1533,Weekly he Indonesian hurt them.
2,USR0036,1534,Tomorrow juicer forget finally consequently.
2,USR0044,1535,This terribly for yikes another.
2,USR0041,1536,Art this Lilliputian mine nothing.
2,USR0032,1537,Usually here of then rhythm.
2,USR0016,1538,Monthly enough elephant pencil pod.
2,USR0037,1539,Of might few include deceive.
2,USR0011,1540,Regularly which theirs finally therefore.
2,USR0014,1541,Happiness troop how did this.
2,USR0038,1542,Weekly formerly couple these army.
2,USR0014,1543,Group where that cackle Laotian.
2,USR0045,1544,Regiment under occasionally fascinate lately.
2,USR0030,1545,Animal lastly her these they.
2,USR0015,1546,Along paint moreover what between.
2,USR0021,1547,With abundant lastly abroad elsewhere.
2,USR0026,1548,Me now basket anywhere team.
2,USR0031,1549,May whom her wisp indeed.
2,USR0032,1550,Shall was whomever with quarterly.
2,USR0035,1551,I pretty in pack annually.
2,USR0037,1552,Rather write be our vanish.
2,USR0007,1553,Delightful whenever whose we be.
2,USR0047,1554,Beautiful collapse his year was.
2,USR0004,1555,I theirs abundant their kind.
2,USR0033,1556,Wow that those between armchair.
2,USR0001,1557,Garlic virtually scream phew nevertheless.
2,USR0019,1558,Been nearly them occasionally its.
2,USR0030,1559,Which otherwise tonight one themselves.
2,USR0006,1560,Anybody badly easy eventually problem.
3,USR0050,1561,Confucian this anyone when mustering.
3,USR0048,1562,There annually work son have.
3,USR0047,1563,Several with Tibetan why sister.
3,USR0019,1564,Were regularly this sometimes Afghan.
3,USR0015,1565,Body wade soak sufficient have.
3,USR0028,1566,Beninese head several crew appear.
3,USR0033,1567,Been whose finally German ours.
3,USR0022,1568,Yay yourselves these knowledge pod.
3,USR0044,1569,Include whomever chest of soon.
3,USR0021,1570,Obediently now could Greek out.
3,USR0019,1571,Had onto someone brilliance where.
3,USR0023,1572,Are hmm when from these.
3,USR0014,1573,Yesterday him now each harvest.
3,USR0021,1574,Lebanese everybody generally bulb yikes.
3,USR0007,1575,Hers gate being him your.
3,USR0039,1576,Gently must sparse ask now.
3,USR0043,1577,In what several bundle due.
3,USR0013,1578,Anything place cardigan taste park.
3,USR0040,1579,Annually yourself in what few.
3,USR0033,1580,Next well respect he there.
3,USR0031,1581,Secondly fun I out courage.
3,USR0047,1582,For whose daily which lemon.
3,USR0032,1583,Simply Afghan horror when besides.
3,USR0021,1584,From yesterday hat fortnightly of.
3,USR0044,1585,We in its everybody sparse.
3,USR0036,1586,Never any weekly these skyscraper.
3,USR0002,1587,Newspaper phew my whose from.
3,USR0027,1588,Insufficient as those anthology today.
3,USR0009,1589,It which over annually those.
3,USR0012,1590,To some African how regularly.
4,USR0046,1591,Bravo beyond phew cackle Portuguese.
4,USR0010,1592,Gee purely vilify tennis muster.
4,USR0046,1593,Party next next joyously that.
4,USR0003,1594,Many any scold to with.
4,USR0035,1595,Both therefore great are covey.
4,USR0016,1596,Town ride eek rightfully sparse.
4,USR0047,1597,World herself oil tribe her.
4,USR0002,1598,By would how theirs yet.
4,USR0017,1599,Elegantly stack ourselves stairs anyone.
4,USR0041,1600,These one alternatively but here.
4,USR0025,1601,Across together dream finally now.
4,USR0022,1602,Slide over loss hard few.
4,USR0019,1603,Stagger hers hers without monthly.
4,USR0049,1604,May few finally frightening of.
4,USR0006,1605,Whoever most those i.e. watch.
4,USR0045,1606,Unless without she healthy of.
4,USR0019,1607,Ouch otherwise dive we finally.
4,USR0024,1608,Another somebody last inside these.
4,USR0001,1609,E.g. less down his your.
4,USR0018,1610,Other whom to smell late.
4,USR0012,1611,Instead laugh child this her.
4,USR0047,1612,Putinist first her few sometimes.
4,USR0020,1613,Within laugh is read what.
4,USR0038,1614,Belong they in whenever this.
4,USR0036,1615,Agree everything without me spell.
4,USR0048,1616,Yesterday they around ours knit.
4,USR0042,1617,March bevy without which however.
4,USR0049,1618,Limp trip sedge welfare behind.
4,USR0011,1619,Innocent however comfort gallop trip.
4,USR0001,1620,Thoroughly of must they stand.
5,USR0045,1621,Away business Aristotelian our we.
5,USR0045,1622,Behind delay those cackle to.
5,USR0009,1623,Cloud nest library them thought.
5,USR0031,1624,Embrace its been time most.
5,USR0010,1625,That virtually this watch learn.
5,USR0027,1626,Until would now for all.
5,USR0031,1627,Then do accordingly much some.
5,USR0033,1628,Chair Einsteinian since impress though.
5,USR0010,1629,Whoever without float smiling scale.
5,USR0039,1630,Place this school kiss substantial.
5,USR0043,1631,Some down ouch unless first.
5,USR0002,1632,Where each host anyway themselves.
5,USR0049,1633,Out empty teach your then.
5,USR0012,1634,Give solemnly all it every.
5,USR0026,1635,Anyone late quarterly furnish whereas.
5,USR0014,1636,Hers secondly ours than fully.
5,USR0049,1637,Under in week honestly everybody.
5,USR0035,1638,That religion ever how quarterly.
5,USR0004,1639,In there hers have talk.
5,USR0046,1640,Terribly anyway by smell my.
5,USR0012,1641,Off how mustering ever any.
5,USR0002,1642,Who may your only myself.
5,USR0026,1643,These mine which this above.
5,USR0022,1644,Above secondly anger late each.
5,USR0003,1645,This party regularly kiss the.
5,USR0045,1646,Stand paralyze growth why so.
5,USR0014,1647,Stay much seriously when many.
5,USR0024,1648,Today next Himalayan after who.
5,USR0046,1649,What this first wow kneel.
5,USR0050,1650,Tomorrow now whomever including recline.
6,USR0024,1651,Between annually where of wealth.
6,USR0011,1652,You must when those as.
6,USR0045,1653,On ride everybody so wearily.
6,USR0020,1654,Other do world vivaciously knife.
6,USR0048,1655,Consequently abroad caused together though.
6,USR0026,1656,Crowd alas already of batch.
6,USR0045,1657,Throughout usually range eventually software.
6,USR0008,1658,Anywhere sparse now safety world.
6,USR0033,1659,In anything finally besides substantial.
6,USR0024,1660,Our himself anger some may.
6,USR0025,1661,Nepalese me one we this.
6,USR0017,1662,Words another would every one.
6,USR0047,1663,That angry pronunciation wisp washing.
6,USR0035,1664,Limp previously less always am.
6,USR0015,1665,Of enormously each pounce example.
6,USR0029,1666,Beneath group hers foolishly how.
6,USR0047,1667,Belong tonight that just what.
6,USR0020,1668,Next any everything who sit.
6,USR0021,1669,Powerless these themselves where how.
6,USR0009,1670,Generally finally delay its without.
6,USR0009,1671,Of still scold food lately.
6,USR0013,1672,Me itself courageously early something.
6,USR0027,1673,Frequently conclude respond few it.
6,USR0007,1674,Videotape aha pound words been.
6,USR0043,1675,By upon herself now who.
6,USR0037,1676,East jump throughout no down.
6,USR0019,1677,Troop enough band yourselves philosophy.
6,USR0042,1678,Powerfully straightaway Barcelonian host few.
6,USR0015,1679,Herself knowledge inquiring team importance.
6,USR0013,1680,Time under half interest these.
7,USR0006,1681,Which acknowledge including doctor youth.
7,USR0020,1682,Amazonian though he its much.
7,USR0004,1683,Consequently life it some me.
7,USR0007,1684,Nearby anywhere win regiment trip.
7,USR0020,1685,Constantly number we monthly annually.
7,USR0030,1686,Bunch gifted first soon tweak.
7,USR0032,1687,Some enough then his his.
7,USR0028,1688,Belgian even whatever calm trust.
7,USR0044,1689,Those person from those where.
7,USR0008,1690,What was packet therefore wow.
7,USR0008,1691,Which at you infrequently computer.
7,USR0015,1692,There none what what up.
7,USR0040,1693,Am within horror yours therefore.
7,USR0020,1694,Finally therefore these pigeon tomorrow.
7,USR0037,1695,Day hmm yours within of.
7,USR0013,1696,Never end usually myself choir.
7,USR0023,1697,Under himself museum here chest.
7,USR0042,1698,Anyone otherwise would whose previously.
7,USR0040,1699,Ours sky they does what.
7,USR0032,1700,Significant day to these in.
7,USR0008,1701,Whose they those yellow would.
7,USR0022,1702,Gabonese range we this you.
7,USR0049,1703,In pound it really where.
7,USR0041,1704,By alone upshot inquisitively Cypriot.
7,USR0045,1705,In within sedge effect envious.
7,USR0044,1706,These swim Bangladeshi jealous anyway.
7,USR0048,1707,Their so hilarious which usually.
7,USR0009,1708,Relent now usually e.g. my.
7,USR0048,1709,Eventually hall elsewhere seldom is.
7,USR0021,1710,Its according Jungian throughout last.
8,USR0030,1711,Your talk consequence packet couple.
8,USR0008,1712,Wash how be finally weekly.
8,USR0015,1713,So we you you yourself.
8,USR0011,1714,Next there which utterly instead.
8,USR0038,1715,Punctually any each how elegant.
8,USR0045,1716,Horde has whichever due bouquet.
8,USR0027,1717,Anyway his its as who.
8,USR0037,1718,Battery Shakespearean could scold consequently.
8,USR0032,1719,Another from lastly scold often.
8,USR0014,1720,Her Mexican dazzle how place.
8,USR0014,1721,Whatever bikini there will a.
8,USR0001,1722,Us formerly nightly those she.
8,USR0049,1723,Nightly hand whatever yet to.
8,USR0014,1724,All day point tonight whoever.
8,USR0031,1725,Knit lots other wad here.
8,USR0023,1726,Uninterested later since off ouch.
8,USR0037,1727,Mercy themselves cast before a.
8,USR0047,1728,Hers will yours do besides.
8,USR0031,1729,Anxiously range spotted which usually.
8,USR0032,1730,His dentist pencil so of.
8,USR0021,1731,Also yourself pagoda beat employment.
8,USR0020,1732,Those before data sit whichever.
8,USR0038,1733,Of that between already group.
8,USR0047,1734,Too nearly hug indoors talk.
8,USR0037,1735,Their single over today been.
8,USR0016,1736,In over here omen musician.
8,USR0014,1737,That nightly dizzying muster generation.
8,USR0036,1738,Her whoever shyly wow fact.
8,USR0046,1739,Next book across moreover in.
8,USR0029,1740,Ours anxiously regularly meanwhile only.
9,USR0017,1741,Town appetite theirs are softly.
9,USR0026,1742,Upon tonight you another its.
9,USR0005,1743,While research crawl as Turkishish.
9,USR0001,1744,Its which to barely in.
9,USR0043,1745,Bunch his which the in.
9,USR0027,1746,Bright be frequently highlight I.
9,USR0034,1747,However lawn that this my.
9,USR0008,1748,There the elegance however instance.
9,USR0043,1749,That perfect awareness fact management.
9,USR0032,1750,Hand me those heap rarely.
9,USR0021,1751,Person may one stand everyone.
9,USR0004,1752,Your whoever of to Congolese.
9,USR0010,1753,Her nothing including as on.
9,USR0024,1754,Certain either where ski when.
9,USR0022,1755,Carry tonight for yourself could.
9,USR0018,1756,Tiger utterly yet his his.
9,USR0001,1757,Still now air it that.
9,USR0007,1758,As whose someone constantly theirs.
9,USR0025,1759,Kneel school collection behind where.
9,USR0026,1760,Their violence we understand accordingly.
9,USR0046,1761,At panther lastly even woman.
9,USR0017,1762,Strongly wiggle transportation point however.
9,USR0050,1763,Us i.e. together being man.
9,USR0004,1764,Tomorrow next maintain since hmm.
9,USR0027,1765,Whose cash this are bunch.
9,USR0036,1766,Abundant where with sedge that.
9,USR0029,1767,Each yourself for heavy Spanish.
9,USR0013,1768,Yay there none throw daily.
9,USR0035,1769,Upon them before secondly with.
9,USR0032,1770,Eye party insufficient utterly were.
10,USR0035,1771,Itself might trust enough also.
10,USR0001,1772,Case cry down first any.
10,USR0048,1773,Yesterday stay drum tablet whose.
10,USR0024,1774,Obediently bottle besides into lie.
10,USR0031,1775,Full is where whom yourself.
10,USR0028,1776,Whenever drink each soon now.
10,USR0015,1777,Then whose me ring his.
10,USR0020,1778,Stack example cheerful next hmm.
10,USR0001,1779,Myself up weekly him e.g..
10,USR0050,1780,Watch anger front limit hers.
10,USR0033,1781,Yet her there me soften.
10,USR0007,1782,Through whom none something behalf.
10,USR0043,1783,Point him your they ouch.
10,USR0019,1784,World certain thought clock almost.
10,USR0025,1785,Where so villa freeze yours.
10,USR0037,1786,Now alas secondly whom other.
10,USR0014,1787,Of some warm has for.
10,USR0034,1788,That bunch may whose everyone.
10,USR0011,1789,Farm be there whom baby.
10,USR0017,1790,Occasionally sheaf softly her this.
10,USR0034,1791,Clarity over behind where consist.
10,USR0049,1792,Above ours these what pack.
10,USR0018,1793,Help fly has had troop.
10,USR0014,1794,Instance motionless whom grains Christian.
10,USR0046,1795,Scold in then together an.
10,USR0015,1796,You quiver bow meanwhile that.
10,USR0019,1797,For as place correctly the.
10,USR0025,1798,He drink usually month someone.
10,USR0034,1799,My each shake nobody peacock.
10,USR0020,1800,Group I bag always in.
11,USR0002,1801,Never in busily one monthly.
11,USR0048,1802,As Chinese luxuty e.g. line.
11,USR0015,1803,Today specify however relaxation team.
11,USR0039,1804,Case collection yours impossible to.
11,USR0042,1805,Troop paint across her anything.
11,USR0034,1806,His so anyway he infrequently.
11,USR0010,1807,Smell soon ouch fact our.
11,USR0041,1808,Victorian cooperative whose hourly my.
11,USR0040,1809,Team art still backwards besides.
11,USR0037,1810,Hardly everything Guyanese did since.
11,USR0016,1811,Over galaxy reel why none.
11,USR0030,1812,Sometimes between after anyone up.
11,USR0013,1813,Scooter recently these away everybody.
11,USR0027,1814,Beyond which next previously addition.
11,USR0024,1815,Choir theirs any might we.
11,USR0043,1816,Viennese embarrass set behind whomever.
11,USR0037,1817,His near whose the being.
11,USR0009,1818,Use whom bathe time fact.
11,USR0020,1819,Anthology point off somebody as.
11,USR0047,1820,On any whom but poison.
11,USR0038,1821,Early choir him sit man.
11,USR0024,1822,Load her annoying quarterly aircraft.
11,USR0009,1823,Buy nevertheless literature covey instance.
11,USR0019,1824,Up its brace did to.
11,USR0023,1825,Which does entirely comfort quarterly.
11,USR0018,1826,Generally what still mine as.
11,USR0026,1827,Slavery governor additionally additionally Muscovite.
11,USR0008,1828,Library double punctually both vehicle.
11,USR0015,1829,Itself there it what begin.
11,USR0015,1830,Turtle somewhat to that throughout.
12,USR0020,1831,Straight what some how mine.
12,USR0022,1832,For poison have fire fly.
12,USR0047,1833,Is rather annually you Atlantic.
12,USR0009,1834,Their out our pleasure may.
12,USR0026,1835,Nightly I me staff irritation.
12,USR0048,1836,My should though of wear.
12,USR0020,1837,Its tiger weather be clap.
12,USR0012,1838,Information who favor hmm hey.
12,USR0033,1839,Cloud orchard chaos include finger.
12,USR0011,1840,Say each Mexican those then.
12,USR0024,1841,Care annually light someone why.
12,USR0007,1842,A in metal that warn.
12,USR0005,1843,Cook sail both inside besides.
12,USR0019,1844,Loneliness whoa yesterday anyway whose.
12,USR0050,1845,Interrupt involve microscope in bale.
12,USR0013,1846,Door everybody to it next.
12,USR0011,1847,Myself somebody how frighten scold.
12,USR0016,1848,I.e. whom racism quarterly this.
12,USR0048,1849,Themselves lazily by bless man.
12,USR0029,1850,Let from there ashamed whoever.
12,USR0028,1851,Eagerly beneath consequently cast off.
12,USR0046,1852,Muster this just nothing so.
12,USR0007,1853,Which always where our valley.
12,USR0032,1854,That his it would close.
12,USR0038,1855,As tomatoes teen in last.
12,USR0022,1856,Open list outfit weekly of.
12,USR0025,1857,Ream that yourself my sometimes.
12,USR0012,1858,A tomorrow this phew young.
12,USR0018,1859,Daily help what whoever bunch.
12,USR0047,1860,Religion well noodles cut brace.
13,USR0041,1861,Bangladeshi there been his crow.
13,USR0012,1862,Number within quarterly few you.
13,USR0046,1863,From magic garlic where outfit.
13,USR0004,1864,First Danish mourn tonight example.
13,USR0046,1865,So ashamed youth block covey.
13,USR0022,1866,Under jealousy help who theirs.
13,USR0014,1867,May what bravo would housework.
13,USR0016,1868,Embarrassed Congolese government oops wow.
13,USR0017,1869,Foot team Himalayan by it.
13,USR0010,1870,There am late everybody anger.
13,USR0007,1871,Awareness wash of gang to.
13,USR0026,1872,Quarterly surgeon I strike our.
13,USR0007,1873,Something stress there upon next.
13,USR0037,1874,Everyone strongly tomorrow sharply them.
13,USR0041,1875,Could can their formerly about.
13,USR0020,1876,Painfully shower school knit you.
13,USR0015,1877,Wings who travel Tibetan had.
13,USR0027,1878,Usually spelling caused stack that.
13,USR0025,1879,Chase then weekly beyond tissue.
13,USR0049,1880,Me yourself too neither here.
13,USR0038,1881,Smile massage of which any.
13,USR0020,1882,Tibetan turn another that this.
13,USR0041,1883,Elephant mob once dunk shyly.
13,USR0050,1884,Over gifted so weekly must.
13,USR0002,1885,Being its must does whomever.
13,USR0010,1886,Throughout ask would Greek shall.
13,USR0040,1887,Tonight these do out those.
13,USR0001,1888,Film within his upon host.
13,USR0013,1889,Tonight upon body been easily.
13,USR0025,1890,Finger what their theirs around.
14,USR0009,1891,Desk it kitchen a being.
14,USR0040,1892,Year i.e. such themselves outside.
14,USR0044,1893,Bevy that hang carry lastly.
14,USR0047,1894,His enthusiastically into somebody next.
14,USR0008,1895,Who example even how usually.
14,USR0029,1896,Swazi about off as interrupt.
14,USR0045,1897,Say any it have everybody.
14,USR0017,1898,Freedom its hedge to does.
14,USR0043,1899,Any his happen numerous their.
14,USR0040,1900,Shall case him these someone.
14,USR0029,1901,Ours has thing those for.
14,USR0011,1902,Some which myself may nobody.
14,USR0047,1903,Might today than as he.
14,USR0046,1904,Swim here e.g. government they.
14,USR0031,1905,Knit caused at intensely be.
14,USR0014,1906,Gang still aha yourself riches.
14,USR0032,1907,Whom casino tonight for Somali.
14,USR0017,1908,These mob previously tomorrow many.
14,USR0018,1909,Why army beautiful at telephone.
14,USR0017,1910,Lot that surprise where than.
14,USR0012,1911,Instead whose Spanish outside whoever.
14,USR0030,1912,What wisdom it nice agreeable.
14,USR0046,1913,Beyond that yours arrive have.
14,USR0040,1914,Thing then Cambodian can some.
14,USR0035,1915,American our empty purely leap.
14,USR0034,1916,What anyway tail whomever of.
14,USR0041,1917,School in party softly soon.
14,USR0003,1918,Where everybody Colombian without Christian.
14,USR0010,1919,Indeed her even we anything.
14,USR0045,1920,Then for theirs still from.
15,USR0022,1921,Look Mozartian vomit teach Confucian.
15,USR0025,1922,Normally every pool absolutely hand.
15,USR0037,1923,Indoors whose this archipelago itself.
15,USR0048,1924,Board plenty success Amazonian band.
15,USR0024,1925,Freedom differs dream her before.
15,USR0011,1926,Before to eek stand desktop.
15,USR0021,1927,Generally collect whose should be.
15,USR0025,1928,Sail on field Iraqi these.
15,USR0023,1929,Several steak significant litter do.
15,USR0050,1930,Couple all today taxi hammer.
15,USR0033,1931,Chest she which Sudanese infrequently.
15,USR0039,1932,Covey am sometimes key cave.
15,USR0006,1933,Nightly fortnightly differs me fully.
15,USR0045,1934,Some speedily dig upon there.
15,USR0023,1935,Daily you always someone harvest.
15,USR0044,1936,Enough that you several cut.
15,USR0042,1937,Party those Intelligent to kuban.
15,USR0006,1938,Slavery win behind irritation it.
15,USR0045,1939,Whose fade harm though street.
15,USR0039,1940,Outside throughout collection those everyone.
15,USR0048,1941,Her other heavy film fatally.
15,USR0016,1942,Consequently empty as somebody this.
15,USR0048,1943,Today this furthermore the relaxation.
15,USR0008,1944,In you also out annoyance.
15,USR0050,1945,That crowd a occasionally beyond.
15,USR0008,1946,Some star work Balinese my.
15,USR0002,1947,Other fairly downstairs previously myself.
15,USR0050,1948,Where frankly hence one any.
15,USR0040,1949,Did some your they life.
15,USR0001,1950,One recently in them witty.
15,USR0058,3016,test
16,USR0049,1951,Firstly stomach onto only otherwise.
16,USR0013,1952,Since crime Senegalese basket point.
16,USR0025,1953,Those whom their his addition.
16,USR0024,1954,For yours to with along.
16,USR0037,1955,My theirs since host calm.
16,USR0027,1956,My secondly you fatally dig.
16,USR0002,1957,Remove example I yet hers.
16,USR0001,1958,Which drag yesterday practically down.
16,USR0002,1959,Thought whichever normally wrack whichever.
16,USR0013,1960,Box out Turkish had covey.
16,USR0040,1961,Me what due finally you.
16,USR0011,1962,In words all whose murder.
16,USR0046,1963,Annually yet you clever few.
16,USR0024,1964,Yours is finally yourself that.
16,USR0015,1965,Sleep indoors straightaway later perfectly.
16,USR0024,1966,Cloud time couple army paint.
16,USR0036,1967,Toothbrush within one motivation why.
16,USR0013,1968,About those in am ours.
16,USR0011,1969,Preen that there in lastly.
16,USR0032,1970,Same trip none warm whoa.
16,USR0030,1971,Many dress for whose Indian.
16,USR0010,1972,He summation whose e.g. foolishly.
16,USR0023,1973,Himself Shakespearean yet this some.
16,USR0002,1974,Ourselves his her hers than.
16,USR0047,1975,Mine one its under which.
16,USR0021,1976,As thoughtfully think from yearly.
16,USR0037,1977,Yearly there die indoors his.
16,USR0007,1978,Each eventually your almost when.
16,USR0009,1979,Behalf his whoa give eagerly.
16,USR0003,1980,Weary upset at behind you.
17,USR0014,1981,Whose safely example sleep our.
17,USR0046,1982,Stay phew awfully end wander.
17,USR0008,1983,Behalf what should Senegalese virtually.
17,USR0038,1984,Laughter singer swing bunch clap.
17,USR0043,1985,Enlist satisfy this am certain.
17,USR0020,1986,Within troupe as that case.
17,USR0043,1987,Each fortnightly ourselves transportation person.
17,USR0044,1988,Till listen of a there.
17,USR0037,1989,Fortnightly where string range this.
17,USR0026,1990,To hug growth example not.
17,USR0011,1991,Still rarely then lastly out.
17,USR0027,1992,Exemplified gun himself even wash.
17,USR0034,1993,Dishonesty execute as fragile usually.
17,USR0045,1994,Finally this line Guyanese expensive.
17,USR0037,1995,Why however tiger me i.e..
17,USR0044,1996,Anyone where today mustering yikes.
17,USR0049,1997,Orwellian archipelago these eek them.
17,USR0027,1998,Heavily fall he besides previously.
17,USR0002,1999,Then that this of most.
17,USR0026,2000,Lie result before silence himself.
17,USR0024,2001,Little that apartment over Beninese.
17,USR0005,2002,From in our the mustering.
17,USR0022,2003,College over comb above widen.
17,USR0031,2004,You woman you why live.
17,USR0042,2005,Those frantically this eye poor.
17,USR0020,2006,In respond say here weekly.
17,USR0011,2007,Monthly himself recently how leap.
17,USR0011,2008,Afghan behind enough at yesterday.
17,USR0050,2009,Were terribly for through Salvadorean.
17,USR0018,2010,Juice muster his what finish.
18,USR0046,2011,For them out of had.
18,USR0017,2012,This i.e. couple huh literature.
18,USR0034,2013,Some everything raise daughter how.
18,USR0009,2014,Warmth knock her wash sit.
18,USR0016,2015,Did bow within up lately.
18,USR0021,2016,Whoa as her might now.
18,USR0010,2017,This by intensely indeed now.
18,USR0035,2018,Coffee either around being late.
18,USR0020,2019,However elsewhere such none mustering.
18,USR0010,2020,Number weekly itself besides insufficient.
18,USR0037,2021,Theirs love of lastly many.
18,USR0039,2022,Smell us you little ourselves.
18,USR0012,2023,Purely blazer her some huge.
18,USR0009,2024,Galaxy these tonight may tightly.
18,USR0041,2025,Sometimes hand be Thatcherite firstly.
18,USR0031,2026,Enough harvest madly of down.
18,USR0041,2027,Than blindly star another highlight.
18,USR0035,2028,On goodness elegant whoa finally.
18,USR0050,2029,Why monthly horror himself later.
18,USR0011,2030,Weight this recently remind bother.
18,USR0028,2031,Then conclude outside same stand.
18,USR0046,2032,Everybody your loudly deceit library.
18,USR0008,2033,Barely of when Italian pride.
18,USR0022,2034,Of their busily up significant.
18,USR0002,2035,Some here her paper before.
18,USR0031,2036,Murder yet say several of.
18,USR0023,2037,Someone eye these that myself.
18,USR0038,2038,Of all shall spoon herself.
18,USR0031,2039,Kiss fight regularly most ours.
18,USR0014,2040,Huh calmly board loosely them.
19,USR0033,2041,Could instance team weekly tablet.
19,USR0045,2042,Comb soon his now alternatively.
19,USR0026,2043,That highly that hatred you.
19,USR0031,2044,Also somebody they too her.
19,USR0032,2045,Well hail in when this.
19,USR0043,2046,Me below its about sufficient.
19,USR0004,2047,Huge dig nobody quite regularly.
19,USR0004,2048,Building constantly still last that.
19,USR0047,2049,Cut Freudian what moreover buy.
19,USR0033,2050,No almost this heels wrack.
19,USR0021,2051,Unless quantity deeply neither understanding.
19,USR0038,2052,Murder constantly lay confusion what.
19,USR0030,2053,Fear those from funny would.
19,USR0032,2054,Off full never who thing.
19,USR0017,2055,That till some chair luck.
19,USR0036,2056,Already hers of those regiment.
19,USR0017,2057,Use why is not other.
19,USR0035,2058,Little star himself lately quarterly.
19,USR0017,2059,Pounce so exciting at money.
19,USR0030,2060,Ingeniously too hourly theirs company.
19,USR0028,2061,When win to always moreover.
19,USR0048,2062,Him case that smile this.
19,USR0026,2063,Knowledge summation would dig its.
19,USR0027,2064,None troop well teach nightly.
19,USR0047,2065,Tunnel might justice some our.
19,USR0032,2066,Greatly usually inside that at.
19,USR0042,2067,Riches no whose Laotian inside.
19,USR0046,2068,Moonlight last any today them.
19,USR0001,2069,Anyway from help secondly sometimes.
19,USR0043,2070,Lot below yourselves previously every.
20,USR0007,2071,Expensive at shake e.g. often.
20,USR0032,2072,Lastly point which aha weekly.
20,USR0023,2073,His wait sing this to.
20,USR0010,2074,Who gain their cook fly.
20,USR0006,2075,Happiness freedom now itself work.
20,USR0029,2076,Fact whose each our nature.
20,USR0043,2077,To defiant contrast which we.
20,USR0037,2078,Yell may then solitude work.
20,USR0038,2079,Why many since child upon.
20,USR0048,2080,Ourselves later us giraffe yourself.
20,USR0033,2081,Himself outside muster seafood wow.
20,USR0037,2082,Problem anyone where cry yell.
20,USR0030,2083,Wait some specify their group.
20,USR0036,2084,Previously project below so always.
20,USR0001,2085,To place government your so.
20,USR0049,2086,Phew sail sparse annually contrast.
20,USR0025,2087,Onto carelessly school destroy anything.
20,USR0027,2088,Earlier tomatoes house amused rarely.
20,USR0028,2089,Awkwardly hers you dream from.
20,USR0037,2090,You since late already earlier.
20,USR0036,2091,Lighten elegance sometimes those out.
20,USR0013,2092,Am give few eventually somebody.
20,USR0023,2093,Now in without instance any.
20,USR0023,2094,Game many above up yourselves.
20,USR0017,2095,In often well where anyone.
20,USR0017,2096,Without what person cackle finally.
20,USR0044,2097,Bright none them as any.
20,USR0013,2098,Has about nevertheless shower yearly.
20,USR0006,2099,Which beautifully nearly instead cut.
20,USR0049,2100,Strange every her then ride.
21,USR0028,2101,Chinese mine i.e. company we.
21,USR0034,2102,How whose you next daily.
21,USR0035,2103,Frequently anxious heavily pack in.
21,USR0010,2104,I disappear kettle murder somebody.
21,USR0001,2105,That besides your harvest hilarious.
21,USR0043,2106,Bread however that healthy when.
21,USR0045,2107,My grease popcorn lastly which.
21,USR0044,2108,Now magic was incredibly no.
21,USR0035,2109,Sparse these anyone what so.
21,USR0034,2110,To were country herself consequently.
21,USR0015,2111,Besides stay himself in when.
21,USR0008,2112,Only which would me maintain.
21,USR0050,2113,Being our scenic on snore.
21,USR0014,2114,Laotian my somebody thing leap.
21,USR0044,2115,Everybody half he on Putinist.
21,USR0046,2116,Block quizzical riches were those.
21,USR0022,2117,Yesterday gather yours everybody monthly.
21,USR0032,2118,Some myself for earlier one.
21,USR0050,2119,Perfectly hand which toss talk.
21,USR0039,2120,Alas consequently carrot has yourselves.
21,USR0042,2121,Next that been group being.
21,USR0014,2122,Where some consequently off smoke.
21,USR0022,2123,This in exaltation nice some.
21,USR0015,2124,As walk this an certain.
21,USR0017,2125,She quiver secondly fatally whichever.
21,USR0026,2126,You who this those those.
21,USR0011,2127,Ours us fact an beneath.
21,USR0048,2128,Hmm kill this that for.
21,USR0049,2129,Onto jump how to Thatcherite.
21,USR0007,2130,It wheelchair last had at.
22,USR0006,2131,For bale example am shall.
22,USR0028,2132,Must i.e. correctly frequently pause.
22,USR0049,2133,Still correctly brother previously most.
22,USR0013,2134,Bevy how paper this are.
22,USR0033,2135,Through who being shower eek.
22,USR0036,2136,To highlight cry tonight when.
22,USR0044,2137,Swiftly bookstore next hand win.
22,USR0010,2138,Team this never keep these.
22,USR0016,2139,Battery since ourselves by next.
22,USR0024,2140,Tree as problem alternatively these.
22,USR0038,2141,Another fortnightly they mustering everyone.
22,USR0041,2142,His logic happily plenty yay.
22,USR0009,2143,Practically alas hence summation provided.
22,USR0014,2144,Indoors thoughtful no there problem.
22,USR0030,2145,Hundred bouquet today sand daily.
22,USR0015,2146,Itself all then are nest.
22,USR0047,2147,Trend case yikes shower why.
22,USR0027,2148,It these anything but yay.
22,USR0012,2149,Some outcome double they regularly.
22,USR0006,2150,To troop rarely these when.
22,USR0007,2151,When e.g. plant damage me.
22,USR0021,2152,Covey yourself yourself there hers.
22,USR0001,2153,Scold before hmm neither this.
22,USR0004,2154,Whose always this mob at.
22,USR0014,2155,Patiently eek clean yesterday friend.
22,USR0010,2156,Which next handsome were that.
22,USR0006,2157,That swing result talent tomorrow.
22,USR0010,2158,Shake thing himself over recently.
22,USR0006,2159,Afterwards formerly whom scold oops.
22,USR0038,2160,These one soup thing these.
23,USR0016,2161,Him example her addition today.
23,USR0018,2162,None always say same alas.
23,USR0027,2163,Refill Intelligent throughout group line.
23,USR0041,2164,Captain fairly might mine how.
23,USR0025,2165,Decidedly whenever troop his sensibly.
23,USR0005,2166,Himself host dress am already.
23,USR0007,2167,Choir cook theirs band yourself.
23,USR0042,2168,Finally out yesterday what full.
23,USR0026,2169,Yet are fragile myself huh.
23,USR0042,2170,Smoothly annually whole theirs none.
23,USR0035,2171,Fortnightly religion each their them.
23,USR0005,2172,How Vietnamese then those staff.
23,USR0024,2173,Week yikes since weekly build.
23,USR0009,2174,Elsewhere well slavery often encourage.
23,USR0050,2175,Late your may instance today.
23,USR0023,2176,Occasionally today who some before.
23,USR0033,2177,Normally fiction of be yearly.
23,USR0024,2178,Boy point herself everybody as.
23,USR0019,2179,Powerless bravo because you batch.
23,USR0010,2180,Drink for packet shall she.
23,USR0016,2181,Shakespearean upshot all galaxy there.
23,USR0014,2182,It how work what none.
23,USR0008,2183,Mouth their sit whose absolutely.
23,USR0021,2184,Failure usually late away anything.
23,USR0030,2185,Away clump otherwise how daily.
23,USR0028,2186,Their barely still they squeak.
23,USR0011,2187,This hence credenza today few.
23,USR0029,2188,Example by rudely uptight neatly.
23,USR0007,2189,It your bevy cluster sleep.
23,USR0029,2190,Few their muster down other.
24,USR0026,2191,Tickle from describe generally tomorrow.
24,USR0019,2192,Year refill half lastly early.
24,USR0023,2193,Group therefore yay in finally.
24,USR0022,2194,Flock me did up build.
24,USR0026,2195,Way besides these sternly anything.
24,USR0014,2196,Wheelchair hmm Taiwanese there which.
24,USR0025,2197,Hat yet daily it onto.
24,USR0024,2198,Pod that hmm simply your.
24,USR0008,2199,It these software some in.
24,USR0020,2200,Dream have fortnightly recently this.
24,USR0048,2201,Charming care it shower wealth.
24,USR0015,2202,What this already it everything.
24,USR0027,2203,I.e. despite choir hail previously.
24,USR0023,2204,Phew there group her daily.
24,USR0003,2205,Anyway jump might who quarterly.
24,USR0011,2206,Abundant of their when always.
24,USR0007,2207,Frail i.e. powerfully which is.
24,USR0004,2208,Knit yourself any they now.
24,USR0036,2209,Terrible anything really shake our.
24,USR0008,2210,Each aha whenever far about.
24,USR0042,2211,Her her dynasty thought hmm.
24,USR0013,2212,Would its troupe had your.
24,USR0036,2213,Many him it under limp.
24,USR0020,2214,Lake am for whom must.
24,USR0044,2215,Yet being because anything daily.
24,USR0050,2216,That information begin car elegantly.
24,USR0005,2217,Ours sleep have perfectly way.
24,USR0002,2218,Putinist daily here half was.
24,USR0004,2219,Host occur place yourselves factory.
24,USR0028,2220,Umbrella therefore whom each panicked.
25,USR0030,2221,Room stack could tough listen.
25,USR0037,2222,Words day seed irritate those.
25,USR0009,2223,Could bale whoever Indian mob.
25,USR0016,2224,Light it through never mine.
25,USR0016,2225,There moreover no significant though.
25,USR0017,2226,What yet otherwise rather today.
25,USR0047,2227,No fortnightly still whoever congregation.
25,USR0004,2228,Trend few kangaroo doctor in.
25,USR0001,2229,Those key everyone everyone every.
25,USR0004,2230,Sedge help tunnel your fatally.
25,USR0048,2231,Up has when how too.
25,USR0009,2232,Accordingly she enthusiasm full we.
25,USR0002,2233,His barely motivation Jungian chocolate.
25,USR0047,2234,Glamorous tennis roughly far time.
25,USR0041,2235,Most therefore patrol sedge straight.
25,USR0006,2236,Often whatever today on her.
25,USR0016,2237,Anything homework forget this everybody.
25,USR0012,2238,Growth other light bale perfectly.
25,USR0022,2239,Bus regularly rarely straightaway annoying.
25,USR0046,2240,How hourly what secondly straightaway.
25,USR0004,2241,Previously delightful heap thing since.
25,USR0036,2242,Unless boldly finally solemnly yourselves.
25,USR0035,2243,Their calmly to party their.
25,USR0009,2244,Yoga you her wow other.
25,USR0031,2245,Interrupt conclude neither koala this.
25,USR0031,2246,Be other why soon those.
25,USR0001,2247,Such stemmed nightly few where.
25,USR0001,2248,Set everyone fortnightly dress can.
25,USR0005,2249,For tomorrow flour none behind.
25,USR0001,2250,Who being these motivation even.
26,USR0008,2251,Which our why have then.
26,USR0021,2252,Of dance yours give few.
26,USR0007,2253,Favor Darwinian whomever crest finish.
26,USR0037,2254,Hospitality whoever lighter a here.
26,USR0020,2255,Have body exaltation might flour.
26,USR0005,2256,Up above tomorrow light disregard.
26,USR0050,2257,Enormously fascinate her air that.
26,USR0016,2258,Should last realistic seldom problem.
26,USR0016,2259,Furniture huge somebody team pout.
26,USR0049,2260,Our capture monthly team yay.
26,USR0031,2261,Wait what company above he.
26,USR0001,2262,Strongly highly through was simply.
26,USR0026,2263,Few others phew persuade he.
26,USR0034,2264,Wipe hourly am these what.
26,USR0038,2265,Elegance mob troop those other.
26,USR0037,2266,Tonight myself to condemned monthly.
26,USR0047,2267,Bend these yearly who example.
26,USR0028,2268,Till usually may who buy.
26,USR0027,2269,Childhood next from how week.
26,USR0043,2270,His vilify cousin dull phew.
26,USR0014,2271,Board skip many my litter.
26,USR0037,2272,Their you first seldom talk.
26,USR0001,2273,Cooker were itself shopping frequently.
26,USR0027,2274,Gee even they beyond anybody.
26,USR0022,2275,Product group about do after.
26,USR0030,2276,Your leap as this Afghan.
26,USR0028,2277,But e.g. how finally lean.
26,USR0044,2278,This account huh may their.
26,USR0042,2279,Monthly blindly that town formerly.
26,USR0009,2280,She everything that after yesterday.
27,USR0039,2281,Stack so madly theirs coffee.
27,USR0005,2282,Ahead work which seriously that.
27,USR0024,2283,There these she place to.
27,USR0041,2284,Who you next furnish first.
27,USR0046,2285,Next just that must leisure.
27,USR0018,2286,Easy where her however its.
27,USR0009,2287,Day rudely downstairs is who.
27,USR0043,2288,By bread through bunch easily.
27,USR0036,2289,He fortnightly far sedge wave.
27,USR0001,2290,Onto despite daily since these.
27,USR0014,2291,In air of near Welsh.
27,USR0046,2292,Buy company what be still.
27,USR0044,2293,Weekly mustering rudely widen my.
27,USR0006,2294,His too someone place double.
27,USR0010,2295,It sit nevertheless regularly woman.
27,USR0033,2296,Envy theater it which when.
27,USR0035,2297,Yours could oops range might.
27,USR0019,2298,Yay since anybody over sand.
27,USR0019,2299,She straightaway it weekly double.
27,USR0039,2300,Gently interrupt bathe hug gladly.
27,USR0036,2301,Phew pink canoe nobody from.
27,USR0007,2302,Other what what hmm fortnightly.
27,USR0021,2303,His above respond these across.
27,USR0026,2304,Motor she whose depending our.
27,USR0012,2305,Kindness brilliance here jealous of.
27,USR0024,2306,Which consequently anywhere shall magnificent.
27,USR0005,2307,Well himself bathe annoyance sparse.
27,USR0006,2308,Those why turn being staff.
27,USR0022,2309,Outside for everyone soup Marxist.
27,USR0044,2310,Weekly its usually consequently still.
28,USR0020,2311,Towards animal they warmth this.
28,USR0029,2312,Next meanwhile elated many most.
28,USR0008,2313,Annually alas swallow east its.
28,USR0033,2314,Upstairs hourly those our here.
28,USR0015,2315,Such you reel before soon.
28,USR0015,2316,Childhood those yourself this Machiavellian.
28,USR0017,2317,There the yourself weekly themselves.
28,USR0008,2318,Annoyance day whole jittery then.
28,USR0045,2319,Her it here bundle absolutely.
28,USR0009,2320,They deeply goat of wash.
28,USR0005,2321,As now himself for never.
28,USR0020,2322,Why in stand run theirs.
28,USR0043,2323,This normally consequently these might.
28,USR0020,2324,Accordingly insufficient less Einsteinian dream.
28,USR0049,2325,Exciting because whoa straightaway covey.
28,USR0040,2326,Bouquet this they extremely somebody.
28,USR0015,2327,Cost sail somebody many bravo.
28,USR0047,2328,One Atlantean instance its myself.
28,USR0028,2329,Apartment cackle let which beyond.
28,USR0008,2330,Blazer bravo anything product he.
28,USR0015,2331,Despite whomever your first place.
28,USR0014,2332,Uncle am lack single stack.
28,USR0009,2333,Reel year did being board.
28,USR0031,2334,Throw year theirs it they.
28,USR0020,2335,Buy hail metal down accordingly.
28,USR0002,2336,Friendship whom from she daily.
28,USR0019,2337,Which other throughout I whatever.
28,USR0019,2338,Person of some good quarterly.
28,USR0017,2339,Gang upon ball bow week.
28,USR0044,2340,Over outside myself all without.
29,USR0009,2341,Cup generosity body joy team.
29,USR0037,2342,Tomorrow in since whom early.
29,USR0016,2343,Whereas constantly it regularly though.
29,USR0028,2344,Seldom those monthly before your.
29,USR0027,2345,Above clap victorious yourself whoever.
29,USR0010,2346,Heap world badly double am.
29,USR0023,2347,Begin swallow archipelago number Portuguese.
29,USR0030,2348,How yesterday Welsh nightly it.
29,USR0034,2349,Hers brightly had near several.
29,USR0036,2350,Yesterday regularly sand while whose.
29,USR0022,2351,Time whose our her fortnightly.
29,USR0012,2352,Eventually until her in she.
29,USR0036,2353,Freedom sleep child to that.
29,USR0049,2354,Significant leave sedge party mine.
29,USR0036,2355,Whom which gracefully which board.
29,USR0015,2356,Conclude in adventurous room in.
29,USR0009,2357,Previously this too from relaxation.
29,USR0036,2358,Phew what formerly would which.
29,USR0005,2359,Who owing east other are.
29,USR0046,2360,Truth being besides person board.
29,USR0047,2361,Now that who moreover yet.
29,USR0010,2362,Anyway case rather today outrageous.
29,USR0011,2363,Wheat yourselves Uzbek yearly whomever.
29,USR0007,2364,Her laugh end prickling somebody.
29,USR0030,2365,Snore another later alternatively next.
29,USR0013,2366,Including the your world but.
29,USR0018,2367,Freedom each we then ourselves.
29,USR0012,2368,Instance must petrify body their.
29,USR0043,2369,Cluster were town exaltation eventually.
29,USR0033,2370,You gee noisily coat why.
30,USR0021,2371,Hand in host other a.
30,USR0044,2372,By of for never none.
30,USR0019,2373,Yearly what country hourly indeed.
30,USR0020,2374,These despite here neither fantastic.
30,USR0017,2375,Stack almost boy entertain woman.
30,USR0009,2376,Ourselves ouch lastly hey next.
30,USR0011,2377,Cast freedom ream occasionally to.
30,USR0012,2378,Teach you already that i.e..
30,USR0020,2379,Outfit hmm over generally gracefully.
30,USR0031,2380,You heap them tomorrow sneeze.
30,USR0044,2381,Regularly cackle this your from.
30,USR0003,2382,In which there so we.
30,USR0027,2383,Strongly at that an besides.
30,USR0037,2384,Garlic a away few eek.
30,USR0014,2385,Yikes our should its murder.
30,USR0017,2386,Someone thing company sedge clump.
30,USR0046,2387,Myself freezer ours yearly where.
30,USR0011,2388,Paint any annually these since.
30,USR0046,2389,That whoa under lately band.
30,USR0015,2390,Fortnightly example next as elsewhere.
30,USR0048,2391,Mob mine flour now neither.
30,USR0003,2392,Oven already pagoda pod troop.
30,USR0002,2393,Afterwards perfectly numerous company a.
30,USR0045,2394,But Caesarian your since under.
30,USR0012,2395,These week us alas those.
30,USR0041,2396,Onto I comfort everyone door.
30,USR0020,2397,Sleep than management oil since.
30,USR0023,2398,Thing eye rudely recklessly ask.
30,USR0026,2399,Anybody on whomever group am.
30,USR0048,2400,Clap any nervously stack nest.
31,USR0034,2401,Weekly from nightly whom does.
31,USR0022,2402,Grow constantly this cluster on.
31,USR0026,2403,Monthly tribe yet slap besides.
31,USR0001,2404,Phew few sand hand stream.
31,USR0036,2405,Lingering nobody of fortnightly bad.
31,USR0007,2406,Knit little yourself besides regularly.
31,USR0049,2407,Did packet set what awfully.
31,USR0016,2408,Iraqi not full production frequently.
31,USR0043,2409,Philippine yesterday daily our its.
31,USR0034,2410,Therefore now besides meanwhile sparse.
31,USR0018,2411,Those their ourselves the Newtonian.
31,USR0046,2412,Smell words yesterday congregation hmm.
31,USR0003,2413,Team those who through frequently.
31,USR0025,2414,Bird out few phew stagger.
31,USR0023,2415,Previously into problem what close.
31,USR0008,2416,Its everything regiment in our.
31,USR0027,2417,His wad whichever when cloud.
31,USR0022,2418,Flock since abroad whomever indeed.
31,USR0044,2419,Far by whoever secondly yesterday.
31,USR0014,2420,Hers constantly apple each firstly.
31,USR0005,2421,Fascinate this this that whom.
31,USR0027,2422,One too single you beauty.
31,USR0017,2423,Thing as wash than flock.
31,USR0011,2424,Lastly sugar neither above Rooseveltian.
31,USR0030,2425,Besides never this army stupidity.
31,USR0040,2426,When in her lovely set.
31,USR0015,2427,Anybody from upon kid thing.
31,USR0021,2428,One everyone relent itself ouch.
31,USR0016,2429,Words range hail clump what.
31,USR0006,2430,Instance spin contrary downstairs fast.
32,USR0004,2431,Trend alternatively stand my yesterday.
32,USR0028,2432,Be with library party phew.
32,USR0017,2433,Others therefore yours every stack.
32,USR0046,2434,When this hey what substantial.
32,USR0042,2435,Seldom none Uzbek in enable.
32,USR0045,2436,These white abroad theirs cluster.
32,USR0043,2437,Provided those herself ours his.
32,USR0014,2438,His fortnightly party then our.
32,USR0023,2439,Then after finally lower as.
32,USR0038,2440,Brace instead moreover what whom.
32,USR0043,2441,Fiercely over of had church.
32,USR0044,2442,Our string belong how an.
32,USR0049,2443,At deskpath promise them ride.
32,USR0012,2444,Murder man I one down.
32,USR0033,2445,Either completely which am now.
32,USR0011,2446,Aircraft since his pad already.
32,USR0042,2447,Throughout tomorrow e.g. basket quarterly.
32,USR0032,2448,Deceit snore wait them them.
32,USR0013,2449,Brilliance pray across how ouch.
32,USR0023,2450,Peruvian wow yay his monthly.
32,USR0030,2451,Yesterday caravan Mexican nightly to.
32,USR0042,2452,Beat pants smile whose themselves.
32,USR0009,2453,Me leave exist as week.
32,USR0004,2454,Yourselves hourly Burkinese chair alas.
32,USR0038,2455,Staff those well graceful till.
32,USR0019,2456,You yourselves talk heavy me.
32,USR0023,2457,Bunch have fine neither such.
32,USR0014,2458,Hey wit these justice at.
32,USR0010,2459,Before below would that himself.
32,USR0024,2460,Ours those as occasionally off.
33,USR0030,2461,Than pack galaxy mob thing.
33,USR0037,2462,Their e.g. far gee nobody.
33,USR0026,2463,Eventually regularly troupe murder to.
33,USR0050,2464,Then it business tonight cautiously.
33,USR0020,2465,Evil last to set fly.
33,USR0012,2466,Always yours how man your.
33,USR0017,2467,Them now market up lean.
33,USR0046,2468,Obesity fire party formerly each.
33,USR0037,2469,Throughout inside here dig everyone.
33,USR0038,2470,Fortnightly mob board another enough.
33,USR0009,2471,Kettle into a life sedge.
33,USR0012,2472,Icelandic how kuban of transportation.
33,USR0038,2473,These by whoever so class.
33,USR0048,2474,Cup when drink outrageous this.
33,USR0032,2475,Because give nobody fortnightly weekly.
33,USR0029,2476,Panicked on orange ourselves pleasant.
33,USR0033,2477,Were we yours I frankly.
33,USR0034,2478,Gun lamp under unless gang.
33,USR0032,2479,Already Christian these party tomorrow.
33,USR0035,2480,Him team stemmed crawl within.
33,USR0037,2481,How secondly its neither lastly.
33,USR0046,2482,Rather which each contrary snore.
33,USR0046,2483,Staff from do which happen.
33,USR0034,2484,Child back on buy under.
33,USR0015,2485,Did other African freedom pleasant.
33,USR0023,2486,Senator ouch us all of.
33,USR0026,2487,Galaxy which in whose define.
33,USR0003,2488,Most am those in someone.
33,USR0048,2489,Then which besides back whomever.
33,USR0003,2490,Fairly ring due German company.
34,USR0033,2491,These in no next about.
34,USR0021,2492,You of for yet could.
34,USR0020,2493,Line you class gang trip.
34,USR0031,2494,That his about very another.
34,USR0009,2495,Beninese where next constantly over.
34,USR0010,2496,Exaltation his your between himself.
34,USR0010,2497,Hundreds our scarcely mine whose.
34,USR0032,2498,Are justice impossible there in.
34,USR0012,2499,Everyone constantly knit each annually.
34,USR0012,2500,We rise these early whom.
34,USR0016,2501,Lag die why which down.
34,USR0005,2502,Hmm band funny travel theirs.
34,USR0048,2503,By next ouch yikes annually.
34,USR0030,2504,Capture finally out what string.
34,USR0034,2505,Soon just thrill Balinese how.
34,USR0031,2506,Accordingly theirs dizzying why what.
34,USR0023,2507,Body bale anything herself why.
34,USR0028,2508,Russian them monthly chest us.
34,USR0035,2509,Despite cry perfectly are at.
34,USR0032,2510,In a then away now.
34,USR0015,2511,Board back who life then.
34,USR0013,2512,Idea where nevertheless some muddy.
34,USR0004,2513,Before now of ourselves themselves.
34,USR0023,2514,Summation without least silently my.
34,USR0006,2515,Whichever muster down me another.
34,USR0035,2516,Jump yay their double hers.
34,USR0008,2517,Tomorrow yet their what within.
34,USR0007,2518,Of jealousy these congregation group.
34,USR0003,2519,Spin popcorn secondly warn abroad.
34,USR0005,2520,That herself gee previously itchy.
35,USR0036,2521,Weekly cast cleverness why when.
35,USR0048,2522,Theirs because each confusion mine.
35,USR0046,2523,Aha my provided me who.
35,USR0007,2524,So in had first still.
35,USR0011,2525,Shall totally town she the.
35,USR0005,2526,Those tonight down is play.
35,USR0021,2527,These of daily him terse.
35,USR0021,2528,School whatever there then outstanding.
35,USR0003,2529,Be smell tightly in how.
35,USR0022,2530,Ours yourself was on regularly.
35,USR0022,2531,Should frequently none Viennese secondly.
35,USR0045,2532,Out previously well yours still.
35,USR0006,2533,Emerge behind choir over our.
35,USR0002,2534,Up cane my his thing.
35,USR0008,2535,Hourly to determination the this.
35,USR0018,2536,From understand just some anyway.
35,USR0045,2537,Intensely on contrast tea red.
35,USR0008,2538,I near preen my nobody.
35,USR0045,2539,Its Bahamian theirs whose mine.
35,USR0042,2540,Those ourselves upon woman fully.
35,USR0018,2541,Once those next person year.
35,USR0003,2542,What corruption consequently ours rudely.
35,USR0040,2543,Fly Vietnamese batch they our.
35,USR0010,2544,Finally hmm each work doubtfully.
35,USR0027,2545,Anthology now Bangladeshi of it.
35,USR0029,2546,Frock empty often either hair.
35,USR0003,2547,Been child many would did.
35,USR0021,2548,Yours plate behind wrong watch.
35,USR0046,2549,Over any both that sleep.
35,USR0039,2550,Live tender however from be.
36,USR0037,2551,Themselves on normally luxuty daily.
36,USR0005,2552,Sneeze problem out terribly it.
36,USR0013,2553,Galaxy this was herself pose.
36,USR0049,2554,To yourself however regiment enormously.
36,USR0025,2555,Him year upon aggravate previously.
36,USR0031,2556,Other you whoa wash for.
36,USR0040,2557,Yesterday these when everyone myself.
36,USR0014,2558,Him anyway daily German catalog.
36,USR0043,2559,Company then above through consequence.
36,USR0001,2560,Us Aristotelian everyone troop poverty.
36,USR0041,2561,Group for therefore company Spanish.
36,USR0028,2562,Huh which congregation her I.
36,USR0008,2563,Fade where why do below.
36,USR0020,2564,Madly remove whoa its bravo.
36,USR0010,2565,Whose regularly finally their go.
36,USR0015,2566,Which finally anywhere do shall.
36,USR0008,2567,Nobody us wow she previously.
36,USR0017,2568,Woman mob never sit everything.
36,USR0031,2569,Party i.e. oxygen health to.
36,USR0012,2570,It across that happiness nevertheless.
36,USR0047,2571,First daily between whatever fortnightly.
36,USR0029,2572,Courage all it above these.
36,USR0031,2573,Board the your some back.
36,USR0017,2574,In uptight without phew stack.
36,USR0011,2575,Theirs whom firstly window quarterly.
36,USR0047,2576,Cello wow those their joy.
36,USR0038,2577,Be temple it regularly she.
36,USR0050,2578,Furthermore consequently either myself mysteriously.
36,USR0011,2579,Would anyone previously consequently bridge.
36,USR0011,2580,Her Jungian dunk what weekly.
37,USR0006,2581,Part bathe point party such.
37,USR0009,2582,Cook yearly you Asian tribe.
37,USR0014,2583,Though throughout recently I less.
37,USR0014,2584,There how world you any.
37,USR0014,2585,Your those her amused yesterday.
37,USR0003,2586,Italian theirs i.e. there innocently.
37,USR0050,2587,Dream purely bowl to several.
37,USR0017,2588,Sing tomorrow preen calmly alas.
37,USR0038,2589,Pair her cookware was room.
37,USR0031,2590,Those being many quarterly you.
37,USR0004,2591,Shall themselves bat paint e.g..
37,USR0017,2592,Sheaf joy but itself team.
37,USR0020,2593,Repeatedly enough ski another staff.
37,USR0048,2594,Brother when yourself therefore host.
37,USR0008,2595,Many cluster that everybody agree.
37,USR0022,2596,At a that yearly whose.
37,USR0018,2597,For are group which outside.
37,USR0035,2598,Congregation yet Brazilian that hand.
37,USR0023,2599,In near despite consequently very.
37,USR0035,2600,Where company its will never.
37,USR0033,2601,To still already yourself of.
37,USR0014,2602,Accordingly band bale office down.
37,USR0044,2603,Pretty catch then choir no.
37,USR0026,2604,Few through wow husband herself.
37,USR0035,2605,This ship what read lead.
37,USR0007,2606,Those usually vivaciously for i.e..
37,USR0012,2607,Person within she out weekly.
37,USR0024,2608,Could block patiently east these.
37,USR0024,2609,Up play wealth yell yearly.
37,USR0014,2610,What its butter lastly his.
38,USR0008,2611,Have some herself quarterly satisfy.
38,USR0021,2612,They Thatcherite heart army corner.
38,USR0048,2613,Host bored flock single nobody.
38,USR0036,2614,Litter whoever respond whose what.
38,USR0041,2615,World Greek person him scream.
38,USR0005,2616,Nightly anyone several this upon.
38,USR0033,2617,Tonight about frighten yearly whereas.
38,USR0010,2618,To innocence many someone swiftly.
38,USR0011,2619,Without whom indeed hence you.
38,USR0015,2620,Can clump government Japanese previously.
38,USR0044,2621,Nobody regularly today fact pout.
38,USR0023,2622,How everyone since of whose.
38,USR0030,2623,Rather then everything eek normally.
38,USR0034,2624,Professor gift that their ours.
38,USR0008,2625,Eye stand then troupe thoughtfully.
38,USR0022,2626,Knowledge abundant battery fact kindly.
38,USR0041,2627,Of door then (space) book.
38,USR0048,2628,Why each everyone sedge caravan.
38,USR0012,2629,Without bevy you office her.
38,USR0001,2630,Wow his think myself from.
38,USR0040,2631,Read sparse which one awful.
38,USR0019,2632,Next orchard government summation outside.
38,USR0011,2633,Always camp build mine indoors.
38,USR0036,2634,Each onto am fly fortnightly.
38,USR0047,2635,Brace after how back i.e..
38,USR0012,2636,Be research where all bravo.
38,USR0039,2637,Shake himself perfect today which.
38,USR0019,2638,These Eastern elsewhere from powerfully.
38,USR0012,2639,Time how tomorrow are in.
38,USR0003,2640,How group terse theirs does.
39,USR0006,2641,Idea sorrow how each example.
39,USR0047,2642,Here Cormoran down thoroughly cleverness.
39,USR0044,2643,Ourselves fork each eye group.
39,USR0012,2644,For sigh previously weep theirs.
39,USR0046,2645,Behind out last from her.
39,USR0003,2646,Kneel their behind now whose.
39,USR0039,2647,E.g. those this when back.
39,USR0007,2648,Otherwise precious always Cormoran sometimes.
39,USR0050,2649,There darkness suspiciously this the.
39,USR0048,2650,It grandmother its apartment every.
39,USR0019,2651,Stand these entertain when besides.
39,USR0024,2652,Now Burkinese be this sleep.
39,USR0012,2653,Gang by poor that wiggle.
39,USR0033,2654,It ahead all besides patiently.
39,USR0015,2655,Solitude first yourselves divorce accordingly.
39,USR0042,2656,Kindness trust hail hence now.
39,USR0023,2657,Open joy any wheelchair next.
39,USR0034,2658,Whatever time air then as.
39,USR0035,2659,From in to itself group.
39,USR0043,2660,Everyone now whomever double till.
39,USR0022,2661,Might always nobody than embarrass.
39,USR0015,2662,Hmm aha seldom both this.
39,USR0036,2663,Besides his clear what Lebanese.
39,USR0042,2664,Which capture from might do.
39,USR0021,2665,Tweak problem finally far whirl.
39,USR0022,2666,Batch speed to its mob.
39,USR0025,2667,You place yesterday how whale.
39,USR0030,2668,Bundle class few whatever tomorrow.
39,USR0042,2669,This crowded great they does.
39,USR0042,2670,Someone but you life there.
40,USR0030,2671,Union ourselves down eek who.
40,USR0042,2672,Politely murder still everybody exaltation.
40,USR0012,2673,Pair this what for edge.
40,USR0039,2674,Snow conclude nothing its gee.
40,USR0043,2675,So Buddhist these part move.
40,USR0037,2676,You how amused this these.
40,USR0012,2677,Which finally pack might then.
40,USR0016,2678,Her run agree yourselves that.
40,USR0031,2679,My into hence scold regularly.
40,USR0033,2680,First that besides glasses my.
40,USR0019,2681,My inquire husband deceit to.
40,USR0031,2682,Tribe sew itself me theirs.
40,USR0035,2683,Her this those whenever for.
40,USR0032,2684,Us which line upon may.
40,USR0017,2685,Phone pack not regularly off.
40,USR0018,2686,Others above an e.g. this.
40,USR0030,2687,Shall awkwardly where pack hand.
40,USR0021,2688,May several love this nobody.
40,USR0032,2689,For tomorrow gang of animal.
40,USR0017,2690,Yourself why decidedly building us.
40,USR0011,2691,At normally eagerly anybody bottle.
40,USR0004,2692,Father cleverness person accordingly fortnightly.
40,USR0008,2693,Outside though everyone inquire others.
40,USR0005,2694,Up let that catalog troupe.
40,USR0014,2695,Some me you bravery slide.
40,USR0033,2696,Have bravo it listen of.
40,USR0014,2697,Into Freudian galaxy late hat.
40,USR0016,2698,Yearly anyone museum how congregation.
40,USR0026,2699,Straightaway bunch them the shirt.
40,USR0002,2700,Another their auspicious double mob.
40,USR0003,3001,rawr
40,USR0003,3002,p
40,USR0003,3003,test
40,USR0003,3009,p
40,USR0003,3011,test
40,USR0003,3015,test
40,USR0058,3018,videonya bagus sekali
41,USR0026,2701,Turn hour nevertheless relax under.
41,USR0019,2702,Tonight who how that to.
41,USR0013,2703,Whoever can lots listen hurt.
41,USR0020,2704,A rarely oops all block.
41,USR0014,2705,When everything firstly themselves us.
41,USR0048,2706,That those huh straight there.
41,USR0045,2707,Am lack wow country been.
41,USR0034,2708,E.g. empty never wall trip.
41,USR0045,2709,These joy themselves normally constantly.
41,USR0029,2710,Too anything unemployment answer speedily.
41,USR0050,2711,Those regularly that traffic this.
41,USR0040,2712,What provided each patrol cheerfully.
41,USR0007,2713,When thing repeatedly huh somebody.
41,USR0024,2714,Next throughout sometimes we back.
41,USR0018,2715,First so never our his.
41,USR0047,2716,Theirs with yesterday Colombian speed.
41,USR0019,2717,Tonight point sock mine strike.
41,USR0040,2718,Was today for my towards.
41,USR0001,2719,Ourselves he slavery am seed.
41,USR0034,2720,Those favor what whomever might.
41,USR0001,2721,From finally what this in.
41,USR0014,2722,These watch nevertheless meal solemnly.
41,USR0020,2723,Sedge then talented bunch for.
41,USR0036,2724,Leg then sheaf upon ourselves.
41,USR0029,2725,Shall then I housework pen.
41,USR0014,2726,That milk behind do crowd.
41,USR0024,2727,Any moreover then being exaltation.
41,USR0035,2728,Frighten of owing selfish eek.
41,USR0016,2729,Normally string quiver does phew.
41,USR0019,2730,That terse how herself had.
42,USR0028,2731,Ours his next Philippine same.
42,USR0042,2732,Outfit his man even nightly.
42,USR0039,2733,Place when these a party.
42,USR0009,2734,Why ski rain before fortnightly.
42,USR0001,2735,Should arrive palm to Antarctic.
42,USR0036,2736,Though anybody regularly man daily.
42,USR0003,2737,Orchard bevy their whichever where.
42,USR0032,2738,Huh daringly ill through on.
42,USR0043,2739,Sparse team bravo accept father.
42,USR0040,2740,Theirs love chair because brown.
42,USR0044,2741,Can surgeon anybody first Chinese.
42,USR0038,2742,Generally something stemmed its group.
42,USR0001,2743,Somebody packet whose whom this.
42,USR0026,2744,Instead still is of been.
42,USR0003,2745,Now swallow of inside recently.
42,USR0005,2746,Today flick backwards all money.
42,USR0036,2747,Any government every from phew.
42,USR0034,2748,Including in where healthily assistance.
42,USR0020,2749,Everyone to these camp will.
42,USR0019,2750,Atlantean elsewhere caravan street hmm.
42,USR0049,2751,Outcome Honduran seldom problem as.
42,USR0010,2752,Determination that my had generally.
42,USR0024,2753,Whose yesterday it why of.
42,USR0032,2754,Week everyone bathe than accept.
42,USR0040,2755,Slippers next capture cut moreover.
42,USR0003,2756,There your elsewhere themselves every.
42,USR0014,2757,Far group now is nearby.
42,USR0003,2758,Where Asian shall bother which.
42,USR0012,2759,Itself to away his inquisitively.
42,USR0040,2760,One neck am weekly first.
43,USR0033,2761,Quit behind first inside honestly.
43,USR0046,2762,Ring all close that double.
43,USR0028,2763,Recently Machiavellian intelligence its Alaskan.
43,USR0046,2764,Do darkness later this myself.
43,USR0001,2765,Rarely lag harvest from therefore.
43,USR0045,2766,Empty encourage cruelly say bow.
43,USR0037,2767,Fortnightly strange who that his.
43,USR0022,2768,Moonlight way throughout fact somebody.
43,USR0009,2769,Indoors elsewhere class mustering additionally.
43,USR0037,2770,On for simply when quiver.
43,USR0048,2771,Previously yay credenza us Hitlerian.
43,USR0038,2772,Alas towards everyone his often.
43,USR0001,2773,Moreover early where quarterly than.
43,USR0040,2774,Health them himself rightfully of.
43,USR0045,2775,Whomever above mustering comb each.
43,USR0016,2776,Upon an which who were.
43,USR0038,2777,Cloud so it hers before.
43,USR0019,2778,Herself anything did hundred rarely.
43,USR0031,2779,Himalayan no besides just within.
43,USR0032,2780,Library both shopping neither too.
43,USR0030,2781,Has sometimes themselves these stand.
43,USR0022,2782,Myself his his yours grasp.
43,USR0033,2783,Much then ourselves place none.
43,USR0050,2784,Me for nice our me.
43,USR0029,2785,Across mine many really of.
43,USR0028,2786,To usage of left what.
43,USR0035,2787,Whom your back besides nightly.
43,USR0041,2788,Whose through annually your group.
43,USR0029,2789,Why before secondly i.e. heavily.
43,USR0030,2790,Nightly our that daily anything.
44,USR0006,2791,Newtonian anything one you yours.
44,USR0028,2792,Result were hey then just.
44,USR0049,2793,In be were give soon.
44,USR0001,2794,Kindness their himself hill daily.
44,USR0002,2795,Line veterinarian at itself packet.
44,USR0006,2796,Off words same completely instance.
44,USR0001,2797,Now additionally me bow mysteriously.
44,USR0048,2798,She recently it yours fatally.
44,USR0019,2799,Indulge wow a did before.
44,USR0030,2800,Us mine everything besides throughout.
44,USR0043,2801,This congregation us place besides.
44,USR0047,2802,Most towards temple his there.
44,USR0037,2803,Their result her me talk.
44,USR0013,2804,One himself a well outfit.
44,USR0025,2805,Say nearly to plate firstly.
44,USR0046,2806,Stagger consequently might i.e. furnish.
44,USR0006,2807,That is then these just.
44,USR0046,2808,Few has nevertheless jersey down.
44,USR0044,2809,Catalog alas preen these this.
44,USR0004,2810,Whomever anger our their collect.
44,USR0018,2811,Who us spite eventually moreover.
44,USR0031,2812,Since several should yourselves about.
44,USR0027,2813,None mine usually somebody talented.
44,USR0030,2814,Every another something rarely these.
44,USR0038,2815,Troop anger kiss incredibly never.
44,USR0002,2816,Finally this week alas highly.
44,USR0034,2817,To one whenever behalf after.
44,USR0022,2818,Happen whichever what it posse.
44,USR0039,2819,My how Bangladeshi I yours.
44,USR0049,2820,Muster does in nightly Torontonian.
45,USR0025,2821,Warmly anthology my oops anthology.
45,USR0040,2822,Obedient over many its those.
45,USR0041,2823,Rooseveltian badly ourselves instead ourselves.
45,USR0007,2824,While powerfully beautiful class Turkish.
45,USR0003,2825,Posse board as whichever should.
45,USR0008,2826,Hmm huh every nightly instance.
45,USR0035,2827,These fashion well group determination.
45,USR0026,2828,Purely am seldom incredibly today.
45,USR0003,2829,Anything brace yet catalog effect.
45,USR0037,2830,Should abroad wade party around.
45,USR0014,2831,There my i.e. you Caesarian.
45,USR0003,2832,Each frequently late off finally.
45,USR0016,2833,Part to for here yikes.
45,USR0019,2834,Far ouch theirs monthly why.
45,USR0011,2835,Then desk an number happen.
45,USR0038,2836,Foolishly this comfort this yourself.
45,USR0004,2837,Inside without last firstly can.
45,USR0024,2838,Page listen firstly few what.
45,USR0006,2839,Outside well goal does lately.
45,USR0006,2840,Face what does research Thai.
45,USR0045,2841,Religion finally daily close crow.
45,USR0022,2842,Including abroad spelling an soon.
45,USR0004,2843,Each badly now our group.
45,USR0012,2844,Cry several their finally inadequately.
45,USR0017,2845,Have someone soon politely contrary.
45,USR0024,2846,There fun what itself which.
45,USR0033,2847,Where enough to occasionally few.
45,USR0040,2848,Cluster dress its teacher Madagascan.
45,USR0048,2849,Wipe really forest instance either.
45,USR0004,2850,School next cackle furthermore mustering.
46,USR0050,2851,Exaltation butter your party that.
46,USR0046,2852,That enough class bundle my.
46,USR0038,2853,Grade modern case of open.
46,USR0044,2854,Since her mine head sneeze.
46,USR0017,2855,Thing reassure few life straightaway.
46,USR0018,2856,Weekend place therefore Buddhist already.
46,USR0044,2857,His there either an did.
46,USR0013,2858,It hedge frequently how these.
46,USR0048,2859,Ourselves later do e.g. fortnightly.
46,USR0031,2860,Class those group i.e. ever.
46,USR0038,2861,Bundle stack because notice first.
46,USR0024,2862,From him elegant hers eat.
46,USR0045,2863,Which whom caused ever as.
46,USR0022,2864,Everything heavy of that camp.
46,USR0010,2865,Its nobody those daringly so.
46,USR0028,2866,These them fortnightly because itself.
46,USR0045,2867,Any really yearly catalog sprint.
46,USR0007,2868,Caravan of smell indoors each.
46,USR0030,2869,Courageous anyway Philippine whose you.
46,USR0032,2870,Eastern since there host how.
46,USR0041,2871,Itself door hug before am.
46,USR0005,2872,Where constantly to unload an.
46,USR0041,2873,Posse which life without myself.
46,USR0022,2874,Itself Gaussian for were Shakespearean.
46,USR0041,2875,Ourselves is will should yellow.
46,USR0039,2876,Discover attractive method disturbed hmm.
46,USR0032,2877,Beyond wow below bathe somebody.
46,USR0049,2878,Mine offend without management gee.
46,USR0036,2879,First generosity whose contradict cast.
46,USR0012,2880,This off shall frequently muster.
47,USR0005,2881,Already Newtonian spin Barbadian here.
47,USR0008,2882,Production substantial everybody gang tomorrow.
47,USR0003,2883,Upon body next swing as.
47,USR0030,2884,Eat with marry these quite.
47,USR0034,2885,Accordingly can by art your.
47,USR0042,2886,Fortnightly seldom cent so candy.
47,USR0015,2887,Stack incredibly so your hers.
47,USR0037,2888,The yet fortnightly fact from.
47,USR0030,2889,Do first these her depend.
47,USR0001,2890,Wisp peep enable it are.
47,USR0037,2891,Hers rather advertising in on.
47,USR0010,2892,Alaskan pod so therefore whenever.
47,USR0044,2893,Already others impromptu in innocently.
47,USR0040,2894,At from caravan look Malagasy.
47,USR0011,2895,Must does eye whose our.
47,USR0032,2896,Courageously carefully those highlight over.
47,USR0027,2897,It success imitate finally brown.
47,USR0013,2898,He that school jump important.
47,USR0045,2899,Be which skip its work.
47,USR0045,2900,Then reel Gaussian Icelandic straightaway.
47,USR0004,2901,Your here whom cluster them.
47,USR0014,2902,Heap transform our other could.
47,USR0024,2903,Grip that into fact palm.
47,USR0006,2904,Eventually result eat those must.
47,USR0045,2905,Fact these murder in posse.
47,USR0041,2906,Weekly why patrol begin entirely.
47,USR0021,2907,These case those page win.
47,USR0031,2908,Child whose determination though whomever.
47,USR0047,2909,Comb these late anyway is.
47,USR0050,2910,Mine whatever they was entirely.
48,USR0037,2911,Then his book please line.
48,USR0002,2912,Also our that what anything.
48,USR0001,2913,Include all from an herself.
48,USR0034,2914,How my there are us.
48,USR0047,2915,Scarcely troop Monacan notebook of.
48,USR0050,2916,Sedge nevertheless clothing hail yay.
48,USR0011,2917,Out it in in my.
48,USR0045,2918,Frankly they whoever him you.
48,USR0010,2919,Been open super onto besides.
48,USR0002,2920,Besides to over weekly catalog.
48,USR0017,2921,Roll less they honesty few.
48,USR0031,2922,Hourly man forest I from.
48,USR0001,2923,At everybody swallow company extremely.
48,USR0026,2924,Day soon their of may.
48,USR0031,2925,Popcorn grapes line group nap.
48,USR0035,2926,Be exemplified here till joy.
48,USR0039,2927,Crew box wow harvest him.
48,USR0041,2928,Why then year calm animal.
48,USR0048,2929,Less few who red inquire.
48,USR0040,2930,Girl how yesterday troubling theirs.
48,USR0032,2931,Way nearly troupe it many.
48,USR0038,2932,Regularly tent inside nightly talk.
48,USR0033,2933,She phew Aristotelian to usually.
48,USR0014,2934,Board several away when this.
48,USR0019,2935,Speed in the it monthly.
48,USR0047,2936,Theirs several kill inquire whoa.
48,USR0019,2937,Additionally he myself nightly wait.
48,USR0001,2938,Never gleaming pair Aristotelian any.
48,USR0021,2939,That e.g. these of consequence.
48,USR0005,2940,Many lately that every downstairs.
49,USR0019,2941,Besides board back within even.
49,USR0045,2942,Host troupe loss us including.
49,USR0032,2943,Inside this hand infancy whoa.
49,USR0046,2944,Greatly horde sleepily at how.
49,USR0041,2945,Huge i.e. thing have lean.
49,USR0027,2946,Above those our whoever she.
49,USR0022,2947,School single whose anything it.
49,USR0026,2948,Was her often number none.
49,USR0024,2949,Tonight her rainbow meanwhile on.
49,USR0001,2950,Now while finally jealousy she.
49,USR0039,2951,Of play host none as.
49,USR0017,2952,Turn finally yesterday instance with.
49,USR0001,2953,Over above on anyone yearly.
49,USR0042,2954,Brace whose from towards your.
49,USR0004,2955,Hospitality let Russian everything fortnightly.
49,USR0012,2956,Whichever disgusting what whom sedge.
49,USR0048,2957,Had we now anyone must.
49,USR0005,2958,Being choir infancy always to.
49,USR0048,2959,Which way several finally had.
49,USR0038,2960,Example Thatcherite retard today her.
49,USR0036,2961,Nothing other myself together could.
49,USR0028,2962,What eye though business some.
49,USR0024,2963,Annually one elsewhere for cheese.
49,USR0040,2964,Full Iranian theirs did host.
49,USR0008,2965,Dresser lots cheerfully down work.
49,USR0003,2966,Yourselves idea those run stand.
49,USR0043,2967,Frequently voice i.e. stand abroad.
49,USR0017,2968,Gallop now innocently highly nightly.
49,USR0018,2969,Do literature nightly shy several.
49,USR0014,2970,Another spell mine our zoo.
50,USR0038,2971,Tonight throughout those Putinist club.
50,USR0025,2972,Huh then whose theirs will.
50,USR0007,2973,Pose nobody solitude were cackle.
50,USR0038,2974,Fight from that ever shall.
50,USR0012,2975,Off an us instance those.
50,USR0008,2976,Bevy lastly employment never indeed.
50,USR0044,2977,We whose enough whichever annually.
50,USR0027,2978,Many I of his even.
50,USR0011,2979,Work I what dance how.
50,USR0022,2980,Chest carefully but sing quarterly.
50,USR0041,2981,What favor somewhat when by.
50,USR0042,2982,Doctor hers for nice yourself.
50,USR0045,2983,Listen out frailty it consequently.
50,USR0011,2984,From full his him anyone.
50,USR0017,2985,Fairly them omen finally alas.
50,USR0035,2986,Of hey your twist since.
50,USR0037,2987,Emerge nevertheless monthly room next.
50,USR0033,2988,Apartment them them wad dishonesty.
50,USR0041,2989,Would always onto itself spite.
50,USR0050,2990,Myself below why this before.
50,USR0025,2991,Whomever confusion fortnightly anyone thrill.
50,USR0043,2992,His sedge Danish least wit.
50,USR0034,2993,Brace some company many therefore.
50,USR0016,2994,Timing before unload lean so.
50,USR0043,2995,Since yourselves all ball him.
50,USR0005,2996,Pack occasionally why before off.
50,USR0035,2997,Were some somebody whom Barcelonian.
50,USR0023,2998,Her perfectly place off hers.
50,USR0038,2999,Aircraft onto that then your.
50,USR0042,3000,London today we ours being.
56,USR0003,3008,test
56,USR0003,3010,p
56,USR0056,3012,Nice video!
56,USR0056,3013,Nice video!
56,USR0056,3014,Nice video!
56,USR0056,3017,Nice video!
56,USR0061,3019,Nice video!
57,USR0003,3004,test
57,USR0003,3005,halo
57,USR0003,3006,p
57,USR0003,3007,keren
