id,user_id,article_comments_id,comment
ART0001,USR0006,1,Envious condemned Nepalese the utterly.
ART0001,USR0013,2,Would election way Dutch none.
ART0001,USR0015,3,Down little without myself time.
ART0001,USR0042,4,Myself troupe ouch work therefore.
ART0001,USR0019,5,Is this sunshine as any.
ART0001,USR0047,6,Why though from time elsewhere.
ART0001,USR0024,7,Daringly himself my wow whichever.
ART0001,USR0023,8,Lemon instance cashier sugar several.
ART0001,USR0004,9,Whose comfort at finally daily.
ART0001,USR0003,10,Album our his daily dentist.
ART0001,USR0007,11,Accidentally when stemmed discover moreover.
ART0001,USR0028,12,Everybody couple on generally most.
ART0001,USR0016,13,Cast in hotel time furthermore.
ART0001,USR0014,14,Yours as today as troop.
ART0001,USR0038,15,Most we in us your.
ART0001,USR0018,16,Anywhere play fact him nearby.
ART0001,USR0044,17,Work moreover for advertising even.
ART0001,USR0035,18,Bravely inside mustering this yesterday.
ART0001,USR0008,19,On Senegalese which ahead some.
ART0001,USR0007,20,None whomever mistake oops my.
ART0001,USR0008,21,Smell outfit normally host punch.
ART0001,USR0013,22,Suspiciously it annually my yet.
ART0001,USR0009,23,Romanian cry sprint under now.
ART0001,USR0048,24,For between spite beautiful whom.
ART0001,USR0047,25,Besides nightly none monthly explode.
ART0001,USR0007,26,These air few perfectly little.
ART0001,USR0032,27,Say for enormously Lebanese seldom.
ART0001,USR0043,28,Pounce frequently despite who however.
ART0001,USR0016,29,Mob without has these several.
ART0001,USR0050,30,Float everyone posse week this.
ART0001,USR0001,1501,Test Comment
ART0001,USR0001,1502,Test Comment
ART0001,USR0001,1503,Artikelmu bagus sekali!
ART0001,USR0001,1504,
ART0001,USR0001,1505,
ART0001,USR0056,1507,Artikelmu bagus sekali!
ART0001,USR0056,1508,
ART0001,USR0056,1509,Artikelmu bagus sekali!
ART0001,USR0056,1510,
ART0001,USR0061,1511,Artikelmu bagus sekali!
ART0001,USR0061,1512,
ART0002,USR0019,31,That once staff throw finally.
ART0002,USR0030,32,Us alone never weekly additionally.
ART0002,USR0035,33,Which yours whole couple warmly.
ART0002,USR0025,34,Omen now you stress now.
ART0002,USR0048,35,In enormously your how on.
ART0002,USR0039,36,Grandfather Diabolical fast with stand.
ART0002,USR0029,37,Group there who before yesterday.
ART0002,USR0034,38,Game we bend any hourly.
ART0002,USR0008,39,Someone until other when well.
ART0002,USR0029,40,Must from case nightly that.
ART0002,USR0010,41,Enthusiasm them are heavily incredibly.
ART0002,USR0018,42,First respond may them everything.
ART0002,USR0012,43,My recognise mirror leap troop.
ART0002,USR0009,44,Soon any cough yearly her.
ART0002,USR0024,45,Of inquisitively where basket party.
ART0002,USR0003,46,It desk bulb from quiver.
ART0002,USR0031,47,March might nearly example had.
ART0002,USR0004,48,Dangerous eat then then does.
ART0002,USR0041,49,Consequently last should are your.
ART0002,USR0030,50,Those significant last where peace.
ART0002,USR0040,51,Consequently host muster summation little.
ART0002,USR0019,52,For ouch but other to.
ART0002,USR0013,53,Flock never yourselves litter warmth.
ART0002,USR0044,54,Our those each ouch Mayan.
ART0002,USR0047,55,Our pack aunt cry Freudian.
ART0002,USR0050,56,Where this sigh itself Elizabethan.
ART0002,USR0029,57,Woman body us stand encourage.
ART0002,USR0040,58,Onto out being last consequently.
ART0002,USR0004,59,Someone towards paralyze does slowly.
ART0002,USR0021,60,Near regularly daily cloud i.e..
ART0003,USR0050,61,Gladly us it many wait.
ART0003,USR0008,62,Yourself soon to some enough.
ART0003,USR0036,63,Brown my there whom has.
ART0003,USR0038,64,Now here whom throughout an.
ART0003,USR0027,65,Normally some bunch involve into.
ART0003,USR0047,66,Murder us had all write.
ART0003,USR0038,67,Most an sigh few dance.
ART0003,USR0001,68,His hand outside what smell.
ART0003,USR0010,69,Somewhat in hers bouquet crew.
ART0003,USR0009,70,Sunshine alas can inside in.
ART0003,USR0046,71,Stemmed tonight down sedge someone.
ART0003,USR0011,72,Ours I yikes those already.
ART0003,USR0003,73,Anyway his yourself that exaltation.
ART0003,USR0038,74,Between remove his though however.
ART0003,USR0034,75,Huh her which according since.
ART0003,USR0026,76,Firstly where mustering regiment furthermore.
ART0003,USR0029,77,Outside dynasty spit they then.
ART0003,USR0017,78,My whomever hourly ours whose.
ART0003,USR0047,79,Whomever trip tonight you little.
ART0003,USR0031,80,Few such weekly nearly these.
ART0003,USR0043,81,Band this accordingly point never.
ART0003,USR0037,82,Some day elegance was work.
ART0003,USR0001,83,Yourself sternly could join dynasty.
ART0003,USR0023,84,Little after somebody on lately.
ART0003,USR0034,85,This often first these some.
ART0003,USR0027,86,Crew album where phew several.
ART0003,USR0025,87,Month it hourly those sand.
ART0003,USR0002,88,This fortunately have might market.
ART0003,USR0050,89,Man quarterly could itself most.
ART0003,USR0047,90,How galaxy straightaway herself choir.
ART0004,USR0048,91,Cost then stay depending his.
ART0004,USR0008,92,Clear fortunately anyone world without.
ART0004,USR0028,93,Sometimes your us therefore ouch.
ART0004,USR0005,94,Besides then yay themselves this.
ART0004,USR0039,95,Words foot posse annoyance ream.
ART0004,USR0044,96,Hotel where moment to sing.
ART0004,USR0015,97,Dog can fire from down.
ART0004,USR0030,98,Earlier a whirl yourself knock.
ART0004,USR0024,99,Sit in bunch bravery can.
ART0004,USR0026,100,Of every pack yourselves for.
ART0004,USR0006,101,Time down time regularly pleasure.
ART0004,USR0015,102,You bucket however beyond which.
ART0004,USR0017,103,These yet double here towel.
ART0004,USR0034,104,Who words as case today.
ART0004,USR0008,105,Upon all were hers as.
ART0004,USR0018,106,Thing why daily out it.
ART0004,USR0046,107,Die of crew pair already.
ART0004,USR0018,108,Should is myself arrogant eventually.
ART0004,USR0026,109,Tribe far generally to quiver.
ART0004,USR0014,110,Another around what somewhat because.
ART0004,USR0003,111,It between as many over.
ART0004,USR0003,112,Him gather tail outside then.
ART0004,USR0036,113,About crew each part of.
ART0004,USR0050,114,Crib their friendship e.g. this.
ART0004,USR0004,115,At he those those occasionally.
ART0004,USR0001,116,Wealth ouch month what there.
ART0004,USR0039,117,There father batch laugh crawl.
ART0004,USR0021,118,This straightaway while loneliness hers.
ART0004,USR0003,119,Juice open everybody you exaltation.
ART0004,USR0029,120,British it finally grab teach.
ART0005,USR0027,121,Still over wash Uzbek place.
ART0005,USR0050,122,Anyone brush bunch words extremely.
ART0005,USR0042,123,A logic us your who.
ART0005,USR0030,124,Buy metal nearly another in.
ART0005,USR0048,125,On annually which yourself whichever.
ART0005,USR0015,126,Bulb apart rubbish regularly next.
ART0005,USR0012,127,Other weekly phew flock hmm.
ART0005,USR0032,128,Later greatly whose certain herself.
ART0005,USR0003,129,Double shampoo you next many.
ART0005,USR0026,130,Lots than did from violently.
ART0005,USR0029,131,Infrequently Eastern where drum e.g..
ART0005,USR0031,132,Doctor they soon actor including.
ART0005,USR0010,133,That here my have is.
ART0005,USR0007,134,Tomorrow his where sternly eventually.
ART0005,USR0046,135,Fondly enough German riches our.
ART0005,USR0006,136,Today scarcely conclude pack there.
ART0005,USR0014,137,Pray nothing scold joy then.
ART0005,USR0039,138,Whichever life my software mortally.
ART0005,USR0039,139,Sedge cat me speedily up.
ART0005,USR0049,140,Sew you soon restaurant those.
ART0005,USR0045,141,Drink their bow quarterly sedge.
ART0005,USR0003,142,Why but behind omen those.
ART0005,USR0002,143,Once though bevy quarterly perfectly.
ART0005,USR0043,144,E.g. far work spit nearby.
ART0005,USR0003,145,Team computer over of beautifully.
ART0005,USR0034,146,Open today after wisp there.
ART0005,USR0001,147,Cast then as fear pretty.
ART0005,USR0023,148,Hmm weekly open that these.
ART0005,USR0044,149,Accordingly batch inside for furthermore.
ART0005,USR0009,150,Most wave quietly whichever define.
ART0006,USR0048,151,Motherhood since these its whirl.
ART0006,USR0048,152,Yours congregation finally sheaf respects.
ART0006,USR0029,153,Caused am interrupt fortnightly with.
ART0006,USR0038,154,From i.e. than some though.
ART0006,USR0031,155,Rarely but yourself frequently cleverness.
ART0006,USR0030,156,Yourself irritation where example will.
ART0006,USR0016,157,Slowly to dream in those.
ART0006,USR0036,158,Now Intelligent by within energy.
ART0006,USR0045,159,Wash stemmed his occasionally beyond.
ART0006,USR0050,160,Despite anything page those blazer.
ART0006,USR0007,161,Firstly Guyanese in within he.
ART0006,USR0011,162,Far everybody body rush them.
ART0006,USR0031,163,It work utterly give your.
ART0006,USR0032,164,This your awfully already at.
ART0006,USR0013,165,Party out each us enough.
ART0006,USR0015,166,Man listen set for problem.
ART0006,USR0032,167,Bow outside gee regularly certain.
ART0006,USR0039,168,Swim whenever been it then.
ART0006,USR0039,169,Should jump African herself it.
ART0006,USR0001,170,Cut buckles heavily their can.
ART0006,USR0009,171,Been Bismarckian their we someone.
ART0006,USR0006,172,A hand my empty snow.
ART0006,USR0021,173,Packet whose news now does.
ART0006,USR0009,174,Street Indonesian finally engine ankle.
ART0006,USR0024,175,Madly irritation width medicine annually.
ART0006,USR0028,176,Plant upon me strongly elsewhere.
ART0006,USR0050,177,Fact generally in why party.
ART0006,USR0038,178,Otherwise before pod herself bevy.
ART0006,USR0011,179,Of besides anything its ourselves.
ART0006,USR0015,180,Unemployment constantly gain him himself.
ART0007,USR0022,181,Yours regularly troupe no he.
ART0007,USR0014,182,Gee may scold lonely Dutch.
ART0007,USR0047,183,Of swing that his in.
ART0007,USR0013,184,Few vomit there foot has.
ART0007,USR0047,185,Eagerly weekly yours will none.
ART0007,USR0010,186,Under had philosophy bravo computer.
ART0007,USR0010,187,Yours together have win these.
ART0007,USR0036,188,Eye are yearly of line.
ART0007,USR0018,189,Child earlier herself purple crime.
ART0007,USR0039,190,Hourly fortnightly onto childhood stemmed.
ART0007,USR0028,191,Ours freedom least previously him.
ART0007,USR0034,192,Consequently you we it bale.
ART0007,USR0037,193,Why nobody hey then besides.
ART0007,USR0044,194,Next me frequently off most.
ART0007,USR0046,195,With tonight throw day equipment.
ART0007,USR0010,196,Swimming either huh regiment he.
ART0007,USR0050,197,By watch we his do.
ART0007,USR0050,198,Next nest that fortnightly lately.
ART0007,USR0015,199,A where him those we.
ART0007,USR0041,200,Path archipelago vivaciously Turkish had.
ART0007,USR0035,201,Late class absolutely here ourselves.
ART0007,USR0013,202,Those crowd throughout unless whose.
ART0007,USR0008,203,Yet brace over was cough.
ART0007,USR0020,204,Bread themselves their some ourselves.
ART0007,USR0032,205,E.g. were from some pack.
ART0007,USR0006,206,Why even still tonight were.
ART0007,USR0049,207,Chest drink crowd your what.
ART0007,USR0030,208,Archipelago phew I they with.
ART0007,USR0027,209,Well as occasionally how over.
ART0007,USR0021,210,Itself infrequently because brace exaltation.
ART0008,USR0017,211,Old these constantly then the.
ART0008,USR0024,212,Tissue single ours everyone that.
ART0008,USR0019,213,To since significant everybody you.
ART0008,USR0029,214,Lately that ball beach these.
ART0008,USR0001,215,Buy yours oops whom it.
ART0008,USR0030,216,On read to others by.
ART0008,USR0028,217,Why his they luck but.
ART0008,USR0011,218,Another that sleep a his.
ART0008,USR0049,219,Buy mine helpful stress doctor.
ART0008,USR0047,220,Himself where other itself fleet.
ART0008,USR0010,221,Daringly paralyze case throughout luxury.
ART0008,USR0012,222,Driver brave eye generously band.
ART0008,USR0022,223,Here justice finally spite unexpectedly.
ART0008,USR0026,224,Is had whose loosely elsewhere.
ART0008,USR0023,225,Somebody later sing tomorrow you.
ART0008,USR0023,226,To secondly at tomorrow explode.
ART0008,USR0009,227,Badly gracefully Chinese first these.
ART0008,USR0022,228,Whose party they significant my.
ART0008,USR0012,229,Of bow yours yesterday its.
ART0008,USR0025,230,Unless tensely what plenty riches.
ART0008,USR0037,231,Soon we should it now.
ART0008,USR0036,232,Meanwhile little those still yours.
ART0008,USR0046,233,Behind ship troop enough but.
ART0008,USR0012,234,Aha anyone finally several sit.
ART0008,USR0010,235,Tonight party yourselves from Plutonian.
ART0008,USR0043,236,Restaurant luxuty wow everybody yay.
ART0008,USR0015,237,Usually scream stack way indulge.
ART0008,USR0002,238,Mysteriously ambulance galaxy therefore failure.
ART0008,USR0006,239,Late wait that ouch place.
ART0008,USR0017,240,His oops quantity gee product.
ART0009,USR0008,241,Fight exemplified could numerous in.
ART0009,USR0022,242,Shall include them Sudanese because.
ART0009,USR0028,243,Diabolical thoughtfully behind many instead.
ART0009,USR0042,244,Part fatally themselves us whatever.
ART0009,USR0016,245,Eat annually though jump what.
ART0009,USR0034,246,Whom omen listen finally alas.
ART0009,USR0020,247,These fight ahead refrigerator daily.
ART0009,USR0006,248,Bowl in finally nightly when.
ART0009,USR0027,249,Hourly example what fortnightly others.
ART0009,USR0014,250,In patiently library magic join.
ART0009,USR0003,251,Generally who each whatever sister.
ART0009,USR0040,252,Now electricity include reluctantly life.
ART0009,USR0011,253,Tomorrow ourselves where dynasty therefore.
ART0009,USR0039,254,Generally fade finally itself mortally.
ART0009,USR0030,255,Research day than furthermore could.
ART0009,USR0001,256,How foolishly but little yesterday.
ART0009,USR0021,257,Secondly her were away firstly.
ART0009,USR0031,258,Team down our who Vietnamese.
ART0009,USR0042,259,Hers before production being surprise.
ART0009,USR0016,260,Up secondly socks fly sufficient.
ART0009,USR0040,261,These generally they nevertheless weekly.
ART0009,USR0027,262,Us its either now great.
ART0009,USR0005,263,Have talented knowledge government nevertheless.
ART0009,USR0018,264,Justice her did another firstly.
ART0009,USR0043,265,Next to about firstly chastise.
ART0009,USR0007,266,Where been fall hers along.
ART0009,USR0032,267,Width on album they party.
ART0009,USR0003,268,Nobody just place upon emerge.
ART0009,USR0033,269,Due line me upon alternatively.
ART0009,USR0030,270,Result others whichever weekly lead.
ART0010,USR0016,271,Backwards lately blouse wisp of.
ART0010,USR0036,272,Ever below bucket without notebook.
ART0010,USR0004,273,Which bridge which sing pretty.
ART0010,USR0021,274,Nobody a her their those.
ART0010,USR0018,275,Its loosely later today as.
ART0010,USR0003,276,Me everything eye punctually work.
ART0010,USR0038,277,Heavily toothbrush beat all party.
ART0010,USR0021,278,Onto party highly most their.
ART0010,USR0031,279,Never listen library board which.
ART0010,USR0013,280,Behind an out huh yourselves.
ART0010,USR0020,281,Fantastic play nobody far through.
ART0010,USR0027,282,Of where whoa sit being.
ART0010,USR0017,283,Deeply it cook now they.
ART0010,USR0042,284,Chinese that nurse work ours.
ART0010,USR0018,285,Onto whom delightful finally album.
ART0010,USR0048,286,Diabolical then till when already.
ART0010,USR0048,287,Congolese their its yet regularly.
ART0010,USR0018,288,Far our oops itchy frailty.
ART0010,USR0032,289,Far strongly backwards reluctantly that.
ART0010,USR0045,290,That quarterly drink where will.
ART0010,USR0015,291,Himself our someone many any.
ART0010,USR0046,292,Man several never somebody what.
ART0010,USR0038,293,So was caravan whoa am.
ART0010,USR0008,294,This we little pause he.
ART0010,USR0008,295,You over full whichever ears.
ART0010,USR0026,296,Formerly without sensibly of in.
ART0010,USR0019,297,Crowd inside her dance my.
ART0010,USR0019,298,His down its did French.
ART0010,USR0042,299,Incredibly that knife Indonesian nothing.
ART0010,USR0012,300,Before we why might say.
ART0011,USR0001,301,Whose what mine kindness in.
ART0011,USR0042,302,What since herself anyway line.
ART0011,USR0036,303,Within today to of fairly.
ART0011,USR0019,304,Will beyond accordingly we her.
ART0011,USR0025,305,Mine opposite gee shall whichever.
ART0011,USR0032,306,Of flock woman now practically.
ART0011,USR0028,307,Pack whose to where till.
ART0011,USR0034,308,But French phew however everything.
ART0011,USR0010,309,This line e.g. finally consequently.
ART0011,USR0028,310,Growth normally it warmth a.
ART0011,USR0007,311,He Orwellian encouraging accidentally yours.
ART0011,USR0031,312,How lastly repel generally its.
ART0011,USR0003,313,Who whoa himself from therefore.
ART0011,USR0012,314,Above us to who cheerful.
ART0011,USR0048,315,Moreover daily Ecuadorian close when.
ART0011,USR0050,316,Carelessly dig without too will.
ART0011,USR0022,317,Calm must talented whoa this.
ART0011,USR0032,318,Woman pair whomever for far.
ART0011,USR0010,319,So consequence why while over.
ART0011,USR0040,320,Before ours yearly summation paint.
ART0011,USR0013,321,Hourly conclude us towards such.
ART0011,USR0041,322,Burger which yay since who.
ART0011,USR0004,323,Nightly shall those comb anyone.
ART0011,USR0016,324,Do reluctantly I each shiny.
ART0011,USR0009,325,Virtually me incredibly their crawl.
ART0011,USR0018,326,Though in stand next too.
ART0011,USR0008,327,Why these you then monthly.
ART0011,USR0009,328,Mushy arrive time are yours.
ART0011,USR0017,329,What wait none several then.
ART0011,USR0043,330,Some team into with dream.
ART0012,USR0008,331,Those long everybody currency snarl.
ART0012,USR0037,332,Additionally have perfectly hourly that.
ART0012,USR0005,333,Upon occasionally when anybody it.
ART0012,USR0002,334,Quarterly man somebody begin plain.
ART0012,USR0029,335,That e.g. could even always.
ART0012,USR0041,336,Weekly inside bunch despite were.
ART0012,USR0036,337,Unless all that almost my.
ART0012,USR0002,338,You nervously hiccup pose include.
ART0012,USR0041,339,Horde previously ever himself enormously.
ART0012,USR0016,340,Tonight of cry herself yourselves.
ART0012,USR0012,341,Yay now fiction rise all.
ART0012,USR0032,342,I.e. which completely which back.
ART0012,USR0016,343,Stack openly promise monthly frequently.
ART0012,USR0049,344,Formerly his why above yourselves.
ART0012,USR0025,345,Hundreds rarely gee e.g. her.
ART0012,USR0002,346,Whom indeed company up today.
ART0012,USR0011,347,Their he then tighten bunch.
ART0012,USR0001,348,Still nearly then besides outside.
ART0012,USR0047,349,Someone east instance hers exemplified.
ART0012,USR0009,350,Heart we weekly terribly them.
ART0012,USR0047,351,Sleepy because your theirs spit.
ART0012,USR0032,352,Somebody orchard Bahrainean as fortnightly.
ART0012,USR0030,353,Edify murder spin annually eventually.
ART0012,USR0028,354,Since usually yourself infrequently beautiful.
ART0012,USR0040,355,Fact huh on yourselves I.
ART0012,USR0017,356,Someone auspicious villa massage to.
ART0012,USR0008,357,Hurt you sari you meal.
ART0012,USR0031,358,Quarterly collection lead occasionally meanwhile.
ART0012,USR0021,359,Animal in fortnightly aha off.
ART0012,USR0020,360,In in still within stand.
ART0013,USR0021,361,Ahead hers tomorrow as cashier.
ART0013,USR0031,362,Highly my until phew quiver.
ART0013,USR0013,363,To today enormously murder so.
ART0013,USR0031,364,Honduran for have ever deeply.
ART0013,USR0034,365,Another us where lighten hers.
ART0013,USR0032,366,Ability class sprint stealthily any.
ART0013,USR0005,367,Nothing he on vivaciously how.
ART0013,USR0035,368,Which besides that flock mob.
ART0013,USR0022,369,So his of handle so.
ART0013,USR0023,370,Who next thing below that.
ART0013,USR0028,371,Those above frog may rubbish.
ART0013,USR0034,372,Them for mine inquire simply.
ART0013,USR0045,373,Eventually ever that then packet.
ART0013,USR0012,374,Wealth e.g. gifted archipelago offend.
ART0013,USR0038,375,Then why above answer whoever.
ART0013,USR0046,376,There early nobody how his.
ART0013,USR0022,377,Whose including anybody number faithfully.
ART0013,USR0028,378,Gracefully possess may in mine.
ART0013,USR0010,379,Us everyone accordingly only does.
ART0013,USR0014,380,Aha yesterday himself them alternatively.
ART0013,USR0001,381,Enchanted all exemplified lay photographer.
ART0013,USR0047,382,How herself posse me her.
ART0013,USR0047,383,Laugh therefore formerly outcome product.
ART0013,USR0036,384,Wake several in mustering is.
ART0013,USR0005,385,Eek all early myself beach.
ART0013,USR0011,386,Yet will over us Elizabethan.
ART0013,USR0049,387,By these these what unlock.
ART0013,USR0003,388,On their his key as.
ART0013,USR0026,389,Without these towards e.g. box.
ART0013,USR0028,390,Insert well previously someone fully.
ART0014,USR0037,391,Usually ever consequently well after.
ART0014,USR0010,392,Vanish heap did it his.
ART0014,USR0027,393,Annually here annually hers result.
ART0014,USR0044,394,Where orchard this someone from.
ART0014,USR0010,395,South tonight close whom sing.
ART0014,USR0008,396,Now marriage extremely all pencil.
ART0014,USR0030,397,Grow did hungry incredibly forest.
ART0014,USR0020,398,Seldom be Canadian up besides.
ART0014,USR0036,399,These spite Ecuadorian therefore dull.
ART0014,USR0007,400,Did for Beninese for why.
ART0014,USR0018,401,Listen doctor we what them.
ART0014,USR0012,402,Then weekly ours seldom hungrily.
ART0014,USR0003,403,Collection one finally never a.
ART0014,USR0025,404,Other thing utterly dive politely.
ART0014,USR0031,405,Last grease without firstly unexpectedly.
ART0014,USR0008,406,Lazily mine that even to.
ART0014,USR0023,407,Arrive positively highly turn that.
ART0014,USR0021,408,Did occasionally Portuguese mourn they.
ART0014,USR0041,409,Mock data batch plenty stack.
ART0014,USR0042,410,Inside nest an ouch elated.
ART0014,USR0008,411,Long what posse by above.
ART0014,USR0021,412,Besides car down Dutch smile.
ART0014,USR0035,413,Team Alpine innocently of him.
ART0014,USR0019,414,Since recently beat each by.
ART0014,USR0011,415,Army where that pleasure itself.
ART0014,USR0022,416,Station slavery should twist herself.
ART0014,USR0016,417,Yay utterly woman which ingeniously.
ART0014,USR0014,418,Yearly several bunch shake here.
ART0014,USR0031,419,Hedge unless whose by constantly.
ART0014,USR0002,420,Hindu execute yikes do him.
ART0015,USR0018,421,First you which shirt who.
ART0015,USR0033,422,Lie instance after several mouth.
ART0015,USR0005,423,Vision then bravo him others.
ART0015,USR0005,424,Oops food frequently gee does.
ART0015,USR0043,425,Block theirs whom this theirs.
ART0015,USR0011,426,Ability have what himself some.
ART0015,USR0011,427,Which tonight lastly its this.
ART0015,USR0014,428,They these his huh which.
ART0015,USR0021,429,Firstly everyone rarely usage this.
ART0015,USR0004,430,Bell other anywhere our several.
ART0015,USR0016,431,Chapter substantial somebody himself apple.
ART0015,USR0043,432,Pretty in theirs anywhere lastly.
ART0015,USR0013,433,Full shall these your each.
ART0015,USR0019,434,Onto laptop who dynasty therefore.
ART0015,USR0004,435,Which elephant laughter me politely.
ART0015,USR0015,436,To his of many be.
ART0015,USR0032,437,Tonight persuade bravery minute which.
ART0015,USR0031,438,Of behind lots our where.
ART0015,USR0019,439,As annually would whom itself.
ART0015,USR0026,440,Soften yours to his his.
ART0015,USR0022,441,As where nightly mourn near.
ART0015,USR0034,442,Her nightly as consequently any.
ART0015,USR0015,443,Anyone previously some because now.
ART0015,USR0016,444,Quite ski Eastern that several.
ART0015,USR0020,445,Him cooker there laugh otherwise.
ART0015,USR0029,446,Gee finally class meanwhile how.
ART0015,USR0022,447,Consequently occasionally quite in so.
ART0015,USR0015,448,Her yourself as from bundle.
ART0015,USR0012,449,About then onto finally shake.
ART0015,USR0040,450,To aha sing razor vision.
ART0016,USR0044,451,His wisp toothpaste under his.
ART0016,USR0032,452,Where wound yay may it.
ART0016,USR0031,453,Dress troupe weight moonlight host.
ART0016,USR0035,454,Fortnightly to her muster empty.
ART0016,USR0012,455,Wander who orange before throughout.
ART0016,USR0002,456,You exaltation case hourly crew.
ART0016,USR0017,457,Ever will motor regularly for.
ART0016,USR0048,458,Bikini down each gleaming crew.
ART0016,USR0025,459,Lately careful little include for.
ART0016,USR0016,460,Will time spot whose how.
ART0016,USR0037,461,Place would lawyer hardly that.
ART0016,USR0040,462,Each yet justice behind kilometer.
ART0016,USR0047,463,Attractive anyone group hmm this.
ART0016,USR0014,464,Diabolical nest rather anyone way.
ART0016,USR0049,465,Now man constantly is that.
ART0016,USR0040,466,Would string everybody it abroad.
ART0016,USR0049,467,Being scold without group less.
ART0016,USR0029,468,Pack justly many himself whose.
ART0016,USR0049,469,Away heap gee eventually anyway.
ART0016,USR0035,470,What trust afterwards whatever by.
ART0016,USR0010,471,Mustering whomever phew yet afterwards.
ART0016,USR0028,472,Yours its mother single in.
ART0016,USR0008,473,Might staff one they example.
ART0016,USR0033,474,Cinema itself of fairly everything.
ART0016,USR0014,475,That work is where even.
ART0016,USR0007,476,Crew should that belief either.
ART0016,USR0037,477,Yours so in them theirs.
ART0016,USR0006,478,Downstairs viplate app never whom.
ART0016,USR0029,479,Hers him their tomorrow besides.
ART0016,USR0042,480,Every at cluster consequently they.
ART0017,USR0020,481,Vast Gabonese whose oops march.
ART0017,USR0005,482,Machine from upon unless less.
ART0017,USR0022,483,Where provided me tweak next.
ART0017,USR0010,484,Such protect him chest be.
ART0017,USR0030,485,Of lucky dress anything this.
ART0017,USR0011,486,Canoe pleasant snore dangerous early.
ART0017,USR0003,487,Group now tribe we this.
ART0017,USR0017,488,Turn drink annually whomever their.
ART0017,USR0038,489,Are which her sometimes tonight.
ART0017,USR0010,490,All of on ourselves next.
ART0017,USR0032,491,Certain to by team hmm.
ART0017,USR0023,492,Near whom i.e. while of.
ART0017,USR0045,493,Does everyone cloud herself rather.
ART0017,USR0008,494,String host early no entertain.
ART0017,USR0013,495,Do whose none how numerous.
ART0017,USR0023,496,Yourselves childhood below that what.
ART0017,USR0044,497,Occur as hundreds litter caused.
ART0017,USR0048,498,That such pride they ours.
ART0017,USR0026,499,Nobody always far pout clarity.
ART0017,USR0049,500,His finally do next no.
ART0017,USR0004,501,Can seldom her finally your.
ART0017,USR0021,502,Away next decidedly still of.
ART0017,USR0026,503,His east joyously strike throughout.
ART0017,USR0034,504,Where before child myself involve.
ART0017,USR0005,505,Anyone nearly in frantically how.
ART0017,USR0006,506,Some buy each us for.
ART0017,USR0037,507,Party literature why me party.
ART0017,USR0014,508,To oops eagerly which hmm.
ART0017,USR0028,509,But yearly before yearly they.
ART0017,USR0027,510,Jungian nothing late where how.
ART0018,USR0009,511,Electricity still news what through.
ART0018,USR0050,512,Always it each yearly late.
ART0018,USR0029,513,Hmm basket have talk sorrow.
ART0018,USR0037,514,Next out behind patience dresser.
ART0018,USR0001,515,Yours theirs above choir deeply.
ART0018,USR0008,516,Conclude tomorrow herself be yesterday.
ART0018,USR0028,517,For itself ahead anger himself.
ART0018,USR0025,518,Upon too which house too.
ART0018,USR0046,519,Then transform who outside about.
ART0018,USR0024,520,Hundreds I half far from.
ART0018,USR0038,521,What ever hmm either constantly.
ART0018,USR0004,522,Kuban never in whose this.
ART0018,USR0008,523,Frantically oxygen hey later number.
ART0018,USR0036,524,Their whose she within widen.
ART0018,USR0045,525,Next nearby transform myself dark.
ART0018,USR0048,526,Well sew remind first indoors.
ART0018,USR0041,527,Might yesterday has were ourselves.
ART0018,USR0035,528,Of being pack Korean Christian.
ART0018,USR0018,529,Of by out another all.
ART0018,USR0046,530,Now grapes each hmm bird.
ART0018,USR0046,531,Including these within herself themselves.
ART0018,USR0024,532,Upon himself one wealth nature.
ART0018,USR0021,533,Bunch long each literature remote.
ART0018,USR0016,534,Whom riches secondly case its.
ART0018,USR0005,535,Occasionally several place myself firstly.
ART0018,USR0006,536,Way about these their hatred.
ART0018,USR0001,537,From in might peep since.
ART0018,USR0025,538,Bravo battery out regularly away.
ART0018,USR0019,539,Infancy behind despite generally while.
ART0018,USR0032,540,Open brace upon to yourselves.
ART0019,USR0001,541,Whose that behind ouch have.
ART0019,USR0036,542,Does line first fortnightly another.
ART0019,USR0019,543,Where this whose whose through.
ART0019,USR0033,544,Justly them been Gabonese man.
ART0019,USR0022,545,There her whom herself where.
ART0019,USR0001,546,Whom any generosity his in.
ART0019,USR0027,547,His in moment generosity then.
ART0019,USR0036,548,Year these how her end.
ART0019,USR0013,549,Heavily bathe doctor with example.
ART0019,USR0007,550,Few trip troupe yay has.
ART0019,USR0022,551,Which as kiss any annoying.
ART0019,USR0030,552,You fox theirs host including.
ART0019,USR0010,553,Consequently soup I because because.
ART0019,USR0026,554,Patience let little many advertising.
ART0019,USR0015,555,These this now itself himself.
ART0019,USR0020,556,Place without Slovak Confucian since.
ART0019,USR0009,557,Towards other fact any intensely.
ART0019,USR0047,558,But as where inside fragile.
ART0019,USR0025,559,Yesterday management yours gracefully every.
ART0019,USR0018,560,Him someone formerly should where.
ART0019,USR0044,561,Occasionally as world lean charming.
ART0019,USR0042,562,Eek then this out Turkish.
ART0019,USR0009,563,About Sri-Lankan almost great that.
ART0019,USR0049,564,Problem that though unless that.
ART0019,USR0040,565,What would themselves intensely stupidly.
ART0019,USR0046,566,Words any host Middle either.
ART0019,USR0010,567,Varied next truthfully talent yourself.
ART0019,USR0022,568,Also next since early thing.
ART0019,USR0046,569,Downstairs herself thing from itself.
ART0019,USR0008,570,Caesarian daily the some tonight.
ART0020,USR0003,571,Conclude transportation dig themselves bottle.
ART0020,USR0016,572,Content scold when software yearly.
ART0020,USR0042,573,Atlantic those than way those.
ART0020,USR0022,574,Paint credenza improvised solitude up.
ART0020,USR0022,575,Float being that no bravo.
ART0020,USR0005,576,An who whose that mirror.
ART0020,USR0012,577,E.g. blushing less victorious others.
ART0020,USR0004,578,Contrast do advertising mine indoors.
ART0020,USR0002,579,This ream ourselves it before.
ART0020,USR0026,580,That to fatally tomorrow slowly.
ART0020,USR0013,581,Enable colorful have example hilarious.
ART0020,USR0021,582,Comfort anyway ourselves her rather.
ART0020,USR0014,583,Our hers ahead he motionless.
ART0020,USR0043,584,Crawl ever all fortnightly why.
ART0020,USR0003,585,Today open earlier battery sleep.
ART0020,USR0008,586,Whomever earlier aha joy will.
ART0020,USR0013,587,Reel well nightly buy me.
ART0020,USR0031,588,Wade themselves I that archipelago.
ART0020,USR0005,589,Tribe little weekly under sometimes.
ART0020,USR0038,590,Guyanese fiction riches eek Freudian.
ART0020,USR0050,591,By why me group of.
ART0020,USR0022,592,We kneel the can nearby.
ART0020,USR0011,593,Which who those formerly hmm.
ART0020,USR0002,594,Sleep luxuty were how yesterday.
ART0020,USR0041,595,Tomorrow those whose nobody greedily.
ART0020,USR0044,596,This themselves theirs recently lastly.
ART0020,USR0003,597,Besides they horde inside zoo.
ART0020,USR0011,598,Does punctually him infrequently him.
ART0020,USR0046,599,With station but rarely now.
ART0020,USR0014,600,Yourselves mine envy so rise.
ART0021,USR0008,601,That luggage anyway finally strongly.
ART0021,USR0038,602,But flock pain anthology your.
ART0021,USR0034,603,These its in down Alaskan.
ART0021,USR0046,604,Should nest ourselves muster laugh.
ART0021,USR0050,605,Much she circumstances to hers.
ART0021,USR0049,606,Another Burkinese life exist hers.
ART0021,USR0031,607,Them in nation above moreover.
ART0021,USR0043,608,The phew that both yourself.
ART0021,USR0026,609,Honesty fortnightly us his anyway.
ART0021,USR0024,610,Nest by ours super ourselves.
ART0021,USR0026,611,Tame whose his she had.
ART0021,USR0046,612,Page most up insert neither.
ART0021,USR0007,613,You mine sit massage quarterly.
ART0021,USR0017,614,Their pack let what that.
ART0021,USR0044,615,Yourself how group which brilliance.
ART0021,USR0034,616,Factory us been consequently across.
ART0021,USR0010,617,Up their number its shall.
ART0021,USR0039,618,Well so ours him band.
ART0021,USR0007,619,Brace off in his there.
ART0021,USR0020,620,Company freedom that store its.
ART0021,USR0011,621,Generally shake late party castle.
ART0021,USR0024,622,Besides even these now hail.
ART0021,USR0003,623,Ourselves woman been band cluster.
ART0021,USR0017,624,In nevertheless at elegance near.
ART0021,USR0028,625,Till these win half besides.
ART0021,USR0027,626,Talk yourselves behind shall out.
ART0021,USR0028,627,Your along key their fondly.
ART0021,USR0033,628,She eat begin what yesterday.
ART0021,USR0030,629,Result as knit ski monthly.
ART0021,USR0008,630,Patience often my here full.
ART0022,USR0050,631,Since why him precious ours.
ART0022,USR0032,632,House their brother tour always.
ART0022,USR0011,633,Half alternatively grasp clump tonight.
ART0022,USR0034,634,From something than can to.
ART0022,USR0049,635,Did that anything highly theater.
ART0022,USR0026,636,Write gold trip hers previously.
ART0022,USR0021,637,Gang whoever bones that whose.
ART0022,USR0024,638,Numerous yet were nobody along.
ART0022,USR0039,639,Over drag ourselves whenever that.
ART0022,USR0016,640,Chest dive therefore now theirs.
ART0022,USR0002,641,Divorce to there every what.
ART0022,USR0029,642,These be anyway theirs to.
ART0022,USR0032,643,As can despite you point.
ART0022,USR0013,644,To board ingeniously alas place.
ART0022,USR0007,645,Above some balloon of just.
ART0022,USR0044,646,Tomorrow furthermore about for strongly.
ART0022,USR0020,647,Why weekly melt been anything.
ART0022,USR0018,648,Our dream might from of.
ART0022,USR0048,649,Flock whom annually must couple.
ART0022,USR0049,650,There care lean Monacan upon.
ART0022,USR0009,651,Leap brace bouquet positively every.
ART0022,USR0049,652,Many you of literature that.
ART0022,USR0012,653,Importance on mob when is.
ART0022,USR0005,654,E.g. an accordingly since research.
ART0022,USR0036,655,Anyway an class each these.
ART0022,USR0038,656,It for other backwards instance.
ART0022,USR0027,657,How yourselves whom end wow.
ART0022,USR0022,658,Instance daily hoses you first.
ART0022,USR0040,659,Nevertheless damage these yours an.
ART0022,USR0036,660,Cry though regularly others everyone.
ART0023,USR0007,661,Cleverness yesterday usually information be.
ART0023,USR0004,662,Wave I tribe gang others.
ART0023,USR0045,663,Had these government with straight.
ART0023,USR0030,664,Give heavy early summation let.
ART0023,USR0026,665,So light summation without idea.
ART0023,USR0037,666,Most another monthly me they.
ART0023,USR0028,667,Snore plan heels it point.
ART0023,USR0001,668,Must horrible at its frailty.
ART0023,USR0006,669,Being am mine onto those.
ART0023,USR0048,670,Crowd Honduran though Russian moreover.
ART0023,USR0004,671,Message does nest for horde.
ART0023,USR0044,672,Game hourly tolerance ball somebody.
ART0023,USR0037,673,Murder paint be still later.
ART0023,USR0050,674,Upon Tibetan secondly but than.
ART0023,USR0023,675,Might each laugh is though.
ART0023,USR0024,676,Sigh nightly barely vacate company.
ART0023,USR0050,677,My Malagasy weekly pollution dress.
ART0023,USR0040,678,Cook do late the it.
ART0023,USR0037,679,Now i.e. been elsewhere part.
ART0023,USR0008,680,Where party both finger how.
ART0023,USR0043,681,She these shall down e.g..
ART0023,USR0007,682,Suit next preen why sleep.
ART0023,USR0029,683,Congolese then what anyone news.
ART0023,USR0023,684,Those man besides everyone on.
ART0023,USR0050,685,When hiccup each should huh.
ART0023,USR0030,686,Suspiciously open recklessly them mine.
ART0023,USR0011,687,Downstairs hourly bus to stupidity.
ART0023,USR0019,688,You which additionally satisfy say.
ART0023,USR0035,689,Equally does intensely bale pack.
ART0023,USR0035,690,Hundred whenever yay lots money.
ART0024,USR0008,691,Data were choir eek quietly.
ART0024,USR0011,692,Stemmed to them clarity bale.
ART0024,USR0046,693,Previously where cheese graceful I.
ART0024,USR0032,694,Your i.e. room afterwards really.
ART0024,USR0001,695,Totally currency being of hostel.
ART0024,USR0042,696,Barcelonian those were of example.
ART0024,USR0018,697,Pagoda spite itself hence these.
ART0024,USR0027,698,Where lie mine why it.
ART0024,USR0043,699,Heavily hourly time onto comfort.
ART0024,USR0006,700,That gather restaurant as fortnightly.
ART0024,USR0036,701,Timing therefore even which finally.
ART0024,USR0028,702,These there instance woman i.e..
ART0024,USR0017,703,Important understanding each dynasty while.
ART0024,USR0043,704,Person those monthly stand as.
ART0024,USR0004,705,For board mine him her.
ART0024,USR0022,706,Since fleet upon from instance.
ART0024,USR0034,707,There amused dresser because range.
ART0024,USR0020,708,Spell holiday whichever wealth its.
ART0024,USR0016,709,Next who most quarterly problem.
ART0024,USR0009,710,Far lately a next class.
ART0024,USR0001,711,Reluctantly generation how drag besides.
ART0024,USR0029,712,All that something heat wiggle.
ART0024,USR0029,713,Does to who yet can.
ART0024,USR0027,714,Way nobody purely kiss were.
ART0024,USR0050,715,Indulge computer throughout enough all.
ART0024,USR0034,716,For our despite whenever daily.
ART0024,USR0024,717,Stand win mustering jump of.
ART0024,USR0010,718,Cloud caravan occasionally now gold.
ART0024,USR0019,719,This hand your for may.
ART0024,USR0050,720,College they eek for infrequently.
ART0025,USR0037,721,Even hence build there who.
ART0025,USR0018,722,Here scold be intensely goodness.
ART0025,USR0033,723,Usage already library to vast.
ART0025,USR0035,724,Number that an crime trip.
ART0025,USR0029,725,Deceit world anyone all still.
ART0025,USR0035,726,Is as after though for.
ART0025,USR0048,727,Her Kyrgyz at of me.
ART0025,USR0044,728,Group in who monthly theirs.
ART0025,USR0004,729,Why it staff hers mine.
ART0025,USR0038,730,Each they nothing next wisdom.
ART0025,USR0030,731,Others he turtle angrily now.
ART0025,USR0021,732,Troupe behind team where in.
ART0025,USR0012,733,Every mine tightly who had.
ART0025,USR0025,734,Daily entirely did here alas.
ART0025,USR0042,735,Nightly since instead a how.
ART0025,USR0031,736,Farm fear occasionally single socks.
ART0025,USR0016,737,Troop your cry most comfortable.
ART0025,USR0021,738,That over has ever e.g..
ART0025,USR0007,739,Yourselves coat fact bones in.
ART0025,USR0033,740,In normally where yesterday which.
ART0025,USR0047,741,How courageously that all fall.
ART0025,USR0008,742,Mine it by stagger her.
ART0025,USR0011,743,Those his themselves hourly nearby.
ART0025,USR0030,744,Pack bowl can one company.
ART0025,USR0005,745,I.e. finally nervously those party.
ART0025,USR0037,746,Face your to full finally.
ART0025,USR0001,747,Next those some calm knock.
ART0025,USR0021,748,Infrequently how yearly which number.
ART0025,USR0013,749,Jealous our designer orchard mine.
ART0025,USR0015,750,Their here hourly he hers.
ART0026,USR0021,751,Those those I might which.
ART0026,USR0004,752,Every beyond the has example.
ART0026,USR0046,753,Embrace than student me of.
ART0026,USR0025,754,Was them everything wander am.
ART0026,USR0011,755,Could himself instead where fairly.
ART0026,USR0030,756,School exemplified than either Iraqi.
ART0026,USR0016,757,Regularly your decidedly other being.
ART0026,USR0046,758,Which finger yours other have.
ART0026,USR0025,759,Jungian incredibly this trip elegance.
ART0026,USR0044,760,Skip till anything jealousy staff.
ART0026,USR0023,761,Yours violently up genetics justly.
ART0026,USR0004,762,Result on Bismarckian host hundreds.
ART0026,USR0032,763,Aha bow in hail then.
ART0026,USR0049,764,Lot wild straightaway already in.
ART0026,USR0029,765,Around then spaghetti whom school.
ART0026,USR0024,766,Whoa while onto annually where.
ART0026,USR0037,767,So it ours our whose.
ART0026,USR0024,768,Besides earlier his he mine.
ART0026,USR0001,769,A meanwhile that team who.
ART0026,USR0050,770,Out our his besides empty.
ART0026,USR0048,771,Laugh shake late behind tonight.
ART0026,USR0012,772,Most out tightly hers labour.
ART0026,USR0034,773,Formerly hers gang till this.
ART0026,USR0022,774,Honduran leap nearly regularly unload.
ART0026,USR0004,775,Safely case might how pierce.
ART0026,USR0028,776,Remain way always poorly nobody.
ART0026,USR0012,777,They trade for lovely run.
ART0026,USR0043,778,Wildly party lastly whereas yearly.
ART0026,USR0011,779,Near slap I enthusiastically from.
ART0026,USR0047,780,Pancake i.e. those me yikes.
ART0027,USR0047,781,Up inquiring laugh Honduran cry.
ART0027,USR0021,782,Generation which wade enormously who.
ART0027,USR0005,783,Hmm generosity alternatively might why.
ART0027,USR0026,784,Normally his such I thing.
ART0027,USR0027,785,For down bless everybody these.
ART0027,USR0036,786,Group yesterday last creepy whichever.
ART0027,USR0035,787,On part his him an.
ART0027,USR0002,788,Chinese towards outcome besides thoroughly.
ART0027,USR0035,789,Them range down next yourself.
ART0027,USR0045,790,Clump does without oops eventually.
ART0027,USR0036,791,Trust swallow any an just.
ART0027,USR0030,792,To monthly might both her.
ART0027,USR0008,793,His hundreds (space) each being.
ART0027,USR0026,794,Only earlier of I hers.
ART0027,USR0019,795,Chaise snarl party seldom certain.
ART0027,USR0021,796,Woman whom staff whatever both.
ART0027,USR0002,797,Summation with dangerous leap work.
ART0027,USR0004,798,Off anyway though slavery day.
ART0027,USR0018,799,Less was formerly collection jump.
ART0027,USR0017,800,His hair under which yourself.
ART0027,USR0007,801,Yearly Polish between he to.
ART0027,USR0018,802,Have these next these those.
ART0027,USR0003,803,Mine give give result bowl.
ART0027,USR0049,804,Whom stupidity child consequently labour.
ART0027,USR0040,805,Did person thoroughly someone work.
ART0027,USR0032,806,Can him choir where due.
ART0027,USR0021,807,Air galaxy of machine slavery.
ART0027,USR0006,808,Address problem at brace in.
ART0027,USR0014,809,Include ourselves besides be Belgian.
ART0027,USR0042,810,Here by that noisily these.
ART0028,USR0010,811,Next awareness been sternly am.
ART0028,USR0037,812,Alternatively ourselves these eye within.
ART0028,USR0037,813,Those tonight tomorrow ouch cry.
ART0028,USR0036,814,Lastly forest in number that.
ART0028,USR0032,815,Bravo might can eye lastly.
ART0028,USR0013,816,End soon problem he swim.
ART0028,USR0007,817,Place when each anywhere besides.
ART0028,USR0019,818,Were could then riches our.
ART0028,USR0029,819,Apple ours danger select fortnightly.
ART0028,USR0013,820,Until somebody enough in do.
ART0028,USR0033,821,For backwards member usually later.
ART0028,USR0007,822,Bed wake group an appetite.
ART0028,USR0012,823,Tomorrow fact theirs those besides.
ART0028,USR0023,824,For throughout eye where this.
ART0028,USR0030,825,Which intensely stand tame they.
ART0028,USR0024,826,My late about scary sometimes.
ART0028,USR0029,827,Keep party do which her.
ART0028,USR0023,828,For my whereas troop building.
ART0028,USR0015,829,Chapter you in greatly much.
ART0028,USR0008,830,Softly wander are one any.
ART0028,USR0045,831,Which might theirs this turkey.
ART0028,USR0015,832,Then does of now me.
ART0028,USR0019,833,By dog annually week as.
ART0028,USR0014,834,That as finally herself success.
ART0028,USR0032,835,As theirs watch block now.
ART0028,USR0037,836,Monthly oops usually intelligence behind.
ART0028,USR0018,837,These Swiss it its but.
ART0028,USR0013,838,Example where climb murder when.
ART0028,USR0039,839,Was pout theirs can never.
ART0028,USR0012,840,Outcome school cash pray growth.
ART0029,USR0006,841,Finally win bravo so of.
ART0029,USR0036,842,Very well their why frequently.
ART0029,USR0012,843,Previously finally itself soap there.
ART0029,USR0023,844,When Atlantic what why pink.
ART0029,USR0005,845,Whale be this bravo bread.
ART0029,USR0018,846,Finally we soon slavery us.
ART0029,USR0036,847,Those gee must Kazakh a.
ART0029,USR0028,848,Archipelago since galaxy with many.
ART0029,USR0037,849,Who whose their it certain.
ART0029,USR0046,850,Dangerous aha must our these.
ART0029,USR0007,851,Early pack each Burkinese firstly.
ART0029,USR0017,852,Importance are then for repulsive.
ART0029,USR0014,853,Instead of hence newspaper does.
ART0029,USR0031,854,Gloves where idea formerly block.
ART0029,USR0038,855,Alas somebody too unless time.
ART0029,USR0003,856,Film whom abroad us there.
ART0029,USR0050,857,Should it his indeed fully.
ART0029,USR0036,858,It why courageously he yet.
ART0029,USR0042,859,Would i.e. disregard proud throughout.
ART0029,USR0021,860,Clock bored from company posse.
ART0029,USR0033,861,Of into deeply it here.
ART0029,USR0022,862,As soon you scold laughter.
ART0029,USR0035,863,Sail its inside these her.
ART0029,USR0048,864,Sunshine involve catalog today it.
ART0029,USR0007,865,Down mine spin shall hundred.
ART0029,USR0035,866,Beneath these elsewhere nightly mustering.
ART0029,USR0033,867,Whose one why greatly knightly.
ART0029,USR0025,868,Am she sometimes while regularly.
ART0029,USR0038,869,Account out read humour for.
ART0029,USR0015,870,Out say our whose absolutely.
ART0030,USR0006,871,Every mustering myself monthly limp.
ART0030,USR0030,872,Certain pack always let sail.
ART0030,USR0012,873,The irritation otherwise day seldom.
ART0030,USR0050,874,Upon aunt I light involve.
ART0030,USR0027,875,Peace to who everyone justice.
ART0030,USR0045,876,Kyrgyz Brazilian what in without.
ART0030,USR0007,877,Not my each sometimes of.
ART0030,USR0030,878,Whirl therefore rudely to elegantly.
ART0030,USR0046,879,Nightly his explode yikes e.g..
ART0030,USR0038,880,Its were Slovak daily our.
ART0030,USR0034,881,Anyone ship must whose that.
ART0030,USR0017,882,Firstly on shall at yesterday.
ART0030,USR0034,883,Did I it keep brace.
ART0030,USR0001,884,Party till ourselves all knock.
ART0030,USR0037,885,Few inside bouquet Himalayan to.
ART0030,USR0030,886,Jealousy anywhere content finally daily.
ART0030,USR0038,887,An where sew today posse.
ART0030,USR0036,888,Dull their here religion which.
ART0030,USR0027,889,Of but consequently i.e. tunnel.
ART0030,USR0034,890,Scold up thing purchase accordingly.
ART0030,USR0020,891,Wade to everyone decidedly e.g..
ART0030,USR0043,892,You down but should ours.
ART0030,USR0011,893,Sing there there their there.
ART0030,USR0020,894,Thing yours this neither this.
ART0030,USR0014,895,E.g. whomever float silently cast.
ART0030,USR0002,896,Must shyly hand whole may.
ART0030,USR0026,897,On cloud aunt several in.
ART0030,USR0035,898,Above which wait though beneath.
ART0030,USR0001,899,Theirs her this herself result.
ART0030,USR0030,900,Often that have rather somewhat.
ART0031,USR0029,901,Earlier you Bahamian stand yours.
ART0031,USR0024,902,How seldom are Polish heart.
ART0031,USR0012,903,Place hundred include that too.
ART0031,USR0045,904,Other teacher laugh brush of.
ART0031,USR0015,905,Which these later next paint.
ART0031,USR0006,906,Stack to that because Mozartian.
ART0031,USR0014,907,Has great scary for vomit.
ART0031,USR0020,908,Us staff awareness way ostrich.
ART0031,USR0024,909,Out himself yoga those him.
ART0031,USR0031,910,Who his most mine publicity.
ART0031,USR0013,911,One horde practically as could.
ART0031,USR0010,912,Thing her grip light monthly.
ART0031,USR0030,913,Neither fortnightly theirs entertainment hmm.
ART0031,USR0005,914,Him deceive his with onion.
ART0031,USR0047,915,That secondly these jersey at.
ART0031,USR0032,916,Week being fork what just.
ART0031,USR0031,917,What magazine mine envy those.
ART0031,USR0004,918,Aha substantial these her seldom.
ART0031,USR0023,919,You nevertheless part then its.
ART0031,USR0048,920,Of annually formerly away why.
ART0031,USR0020,921,In ream for whose we.
ART0031,USR0043,922,Otherwise first these nest mine.
ART0031,USR0025,923,Quarterly cast pack nobody quiver.
ART0031,USR0049,924,These were in over jewelry.
ART0031,USR0048,925,Body part quantity to could.
ART0031,USR0006,926,Employment exemplified usually however moreover.
ART0031,USR0010,927,Till on whom confusing from.
ART0031,USR0016,928,Somali in fortnightly scary secondly.
ART0031,USR0036,929,Monthly confusing that yourselves melt.
ART0031,USR0040,930,Infrequently but how yourselves several.
ART0032,USR0048,931,Soon government anyway pack several.
ART0032,USR0041,932,Indeed pod group lastly surgeon.
ART0032,USR0021,933,Around nearly yesterday recently how.
ART0032,USR0040,934,Including those it British last.
ART0032,USR0041,935,Quarterly scenic band alternatively how.
ART0032,USR0031,936,Somebody today that who government.
ART0032,USR0036,937,Whose that humour importance lot.
ART0032,USR0040,938,Till heavily to fire these.
ART0032,USR0027,939,It few our band clap.
ART0032,USR0039,940,Your did respects poverty where.
ART0032,USR0027,941,Next are another infrequently nest.
ART0032,USR0008,942,Write fight pierce who path.
ART0032,USR0021,943,Welfare then here when daughter.
ART0032,USR0050,944,Fascinate foolishly then which since.
ART0032,USR0024,945,Whatever hand that boat those.
ART0032,USR0009,946,Before trade watch usually crowd.
ART0032,USR0044,947,Any dark how in secondly.
ART0032,USR0050,948,Us cook many where next.
ART0032,USR0012,949,Its since respect success first.
ART0032,USR0001,950,Firstly there how company today.
ART0032,USR0030,951,Dig yay to have his.
ART0032,USR0010,952,Iranian day calmly cloud fact.
ART0032,USR0027,953,Soon they every though yourself.
ART0032,USR0007,954,Outfit year collection somebody ours.
ART0032,USR0006,955,Eek it collection words he.
ART0032,USR0022,956,From out soften either for.
ART0032,USR0045,957,That often as due staff.
ART0032,USR0021,958,Then limp tomorrow work for.
ART0032,USR0018,959,Up firstly Jungian army that.
ART0032,USR0033,960,Same patrol fight in sadly.
ART0033,USR0037,961,Inside she mysteriously host tomorrow.
ART0033,USR0012,962,Noise as then collection shake.
ART0033,USR0050,963,These consequence wings pack on.
ART0033,USR0007,964,Them bunch caravan early those.
ART0033,USR0013,965,Bow yesterday neither her us.
ART0033,USR0035,966,Yesterday aid fortnightly was yesterday.
ART0033,USR0001,967,Someone yourselves wad since this.
ART0033,USR0028,968,Stack weekly myself whom who.
ART0033,USR0011,969,However whom gleaming caravan everyone.
ART0033,USR0046,970,Hers few quit that each.
ART0033,USR0048,971,Firstly occasionally may why before.
ART0033,USR0044,972,Vietnamese formerly from group yet.
ART0033,USR0026,973,As poor where terribly still.
ART0033,USR0020,974,Tunnel whose some case turn.
ART0033,USR0042,975,Ourselves that might anywhere caravan.
ART0033,USR0001,976,Myself how run what shower.
ART0033,USR0002,977,Eventually alternatively for be could.
ART0033,USR0029,978,Finnish seldom did tonight Alaskan.
ART0033,USR0039,979,Must this bale now enormously.
ART0033,USR0039,980,Laugh weekly there while then.
ART0033,USR0016,981,Riches which laugh coat luxury.
ART0033,USR0042,982,Through speedily sandals gee might.
ART0033,USR0032,983,To this bale poverty while.
ART0033,USR0007,984,His owing employment day remind.
ART0033,USR0042,985,Which foot in hedge with.
ART0033,USR0045,986,For bravo sometimes speedily so.
ART0033,USR0048,987,With Mozartian sedge gleaming of.
ART0033,USR0036,988,When knightly occur up whatever.
ART0033,USR0046,989,Should everyone some for is.
ART0033,USR0017,990,Later staff her their backwards.
ART0034,USR0021,991,Will child today caused though.
ART0034,USR0041,992,It rather theirs this were.
ART0034,USR0033,993,According the thrill calm we.
ART0034,USR0016,994,Group exemplified to before a.
ART0034,USR0024,995,Hey egg to his troop.
ART0034,USR0003,996,Wow late shall because hair.
ART0034,USR0038,997,Rather fully woman in near.
ART0034,USR0003,998,Behalf what friendship of besides.
ART0034,USR0040,999,Emerge wheat without cat additionally.
ART0034,USR0010,1000,Ourselves ours posse reluctantly just.
ART0034,USR0048,1001,Whose sweater marriage could of.
ART0034,USR0045,1002,Next myself hourly unless house.
ART0034,USR0009,1003,Clump annually tomorrow those does.
ART0034,USR0011,1004,Let company might unless soon.
ART0034,USR0036,1005,Nobody that that since troop.
ART0034,USR0043,1006,Less arrogant shall plenty you.
ART0034,USR0014,1007,Spin with the in somebody.
ART0034,USR0047,1008,Do he this difficult those.
ART0034,USR0045,1009,Did rather which himself for.
ART0034,USR0012,1010,Orange would everyone apple play.
ART0034,USR0037,1011,Child nightly absolutely yet motor.
ART0034,USR0043,1012,Now then completely roll these.
ART0034,USR0030,1013,Under could any none insufficient.
ART0034,USR0002,1014,Firstly accordingly you back they.
ART0034,USR0029,1015,Outfit tomorrow tomorrow whoa where.
ART0034,USR0023,1016,Away every away accidentally next.
ART0034,USR0048,1017,Enough what party consequently his.
ART0034,USR0004,1018,How being must herself quizzical.
ART0034,USR0022,1019,What lots you our entertain.
ART0034,USR0028,1020,Fortnightly whichever this when why.
ART0035,USR0031,1021,Conclude you seriously theirs as.
ART0035,USR0043,1022,Cheerfully for generously according number.
ART0035,USR0026,1023,Somebody have that in at.
ART0035,USR0033,1024,Fondly yourselves artist float without.
ART0035,USR0027,1025,They already someone summation kiss.
ART0035,USR0005,1026,Clothing am without as under.
ART0035,USR0042,1027,Mine Kazakh inside much there.
ART0035,USR0029,1028,Poverty other always hers Asian.
ART0035,USR0039,1029,Point question themselves shyly brilliance.
ART0035,USR0038,1030,Under into anxiously why them.
ART0035,USR0028,1031,Some bag it leap from.
ART0035,USR0025,1032,Why its from packet rarely.
ART0035,USR0001,1033,Theirs her enough circumstances daily.
ART0035,USR0026,1034,Alive yesterday just herself anyone.
ART0035,USR0036,1035,His in both those be.
ART0035,USR0012,1036,Without today yet eventually why.
ART0035,USR0015,1037,Daily because outside so fact.
ART0035,USR0025,1038,Everything he nevertheless where of.
ART0035,USR0017,1039,Elegantly why each today you.
ART0035,USR0029,1040,Here sandals often shall our.
ART0035,USR0001,1041,Punctuation yet this upstairs yesterday.
ART0035,USR0047,1042,Formerly quietly moreover mercy must.
ART0035,USR0040,1043,March firstly hand i.e. appetite.
ART0035,USR0020,1044,This yourselves by toothbrush class.
ART0035,USR0016,1045,Have number under certain whom.
ART0035,USR0035,1046,Secondly anything photographer each company.
ART0035,USR0004,1047,Relaxation slap is to instance.
ART0035,USR0034,1048,How yours ourselves than finally.
ART0035,USR0049,1049,Few our without speed I.
ART0035,USR0013,1050,Firstly has early here brave.
ART0036,USR0043,1051,Of no could tenderly harvest.
ART0036,USR0018,1052,Mine ours being childhood from.
ART0036,USR0024,1053,Also tribe were company gain.
ART0036,USR0021,1054,As well there this it.
ART0036,USR0041,1055,Everybody will before what everyone.
ART0036,USR0034,1056,Plutonian back tonight month nevertheless.
ART0036,USR0015,1057,Then rainbow any same run.
ART0036,USR0043,1058,Afterwards have crowd decidedly provided.
ART0036,USR0045,1059,After extremely whose group whom.
ART0036,USR0043,1060,To ankle so monthly behind.
ART0036,USR0024,1061,Brother read as ourselves of.
ART0036,USR0043,1062,Newtonian her phew those friend.
ART0036,USR0007,1063,Where orchard quarterly least any.
ART0036,USR0045,1064,Never heat first to reel.
ART0036,USR0041,1065,His everyone nobody that their.
ART0036,USR0041,1066,Had constantly them under him.
ART0036,USR0032,1067,Then how Sri-Lankan I himself.
ART0036,USR0026,1068,Exaltation aha without catalog you.
ART0036,USR0033,1069,Those childhood then were her.
ART0036,USR0012,1070,Hail ours everybody then whichever.
ART0036,USR0002,1071,Soon hers bathe its ourselves.
ART0036,USR0028,1072,Whirl off she it themselves.
ART0036,USR0014,1073,Than heavy ship such yours.
ART0036,USR0004,1074,What yet my school while.
ART0036,USR0032,1075,Back for aid we his.
ART0036,USR0026,1076,With yourself her had theirs.
ART0036,USR0024,1077,Laugh to quit for both.
ART0036,USR0015,1078,Shake bravo in without be.
ART0036,USR0007,1079,Judge cost constantly leap yours.
ART0036,USR0045,1080,From a within yearly yearly.
ART0037,USR0023,1081,Too galaxy one do life.
ART0037,USR0047,1082,We behind in yikes Gabonese.
ART0037,USR0012,1083,Include these it been instead.
ART0037,USR0028,1084,An weep proud before the.
ART0037,USR0038,1085,Sail when when this sometimes.
ART0037,USR0024,1086,Hair contradict normally my too.
ART0037,USR0002,1087,Constantly how him once anywhere.
ART0037,USR0024,1088,Place down wit himself cook.
ART0037,USR0033,1089,Upon then for himself under.
ART0037,USR0001,1090,All depending did left sandals.
ART0037,USR0014,1091,Country eek within oops union.
ART0037,USR0030,1092,Work eagerly what us these.
ART0037,USR0005,1093,To team awkwardly research point.
ART0037,USR0018,1094,As might dress cooperative them.
ART0037,USR0035,1095,Ring their whoever itchy spelling.
ART0037,USR0006,1096,Us every Afghan who all.
ART0037,USR0020,1097,Her the where dog fork.
ART0037,USR0048,1098,To besides they her out.
ART0037,USR0006,1099,In anyone delay on which.
ART0037,USR0047,1100,Whole just near you fully.
ART0037,USR0030,1101,To peace now they early.
ART0037,USR0035,1102,Age this stay his rabbit.
ART0037,USR0007,1103,Every these live crowded Barcelonian.
ART0037,USR0014,1104,Bravo example very coldness everything.
ART0037,USR0028,1105,Yesterday Rooseveltian several the annually.
ART0037,USR0043,1106,Yours designer just peace from.
ART0037,USR0029,1107,Hmm what well everyone grandmother.
ART0037,USR0002,1108,Appetite suspiciously someone daily other.
ART0037,USR0035,1109,Covey aid till lastly its.
ART0037,USR0044,1110,It finally every way therefore.
ART0038,USR0030,1111,At fortnightly upon onion you.
ART0038,USR0033,1112,That consequently up patrol that.
ART0038,USR0042,1113,Lately then plenty each sedge.
ART0038,USR0002,1114,Knit road then may anxiously.
ART0038,USR0037,1115,Then leap anything crew their.
ART0038,USR0023,1116,Without eventually unless these hard.
ART0038,USR0021,1117,Just now she tomorrow turtle.
ART0038,USR0045,1118,Yours house here he should.
ART0038,USR0046,1119,Everything distinguish ours it themselves.
ART0038,USR0019,1120,Egg they everybody i.e. can.
ART0038,USR0012,1121,Themselves muster through its energetic.
ART0038,USR0005,1122,Today sleep yourself east pod.
ART0038,USR0007,1123,Host frailty oops to exaltation.
ART0038,USR0028,1124,Cast read appear whom white.
ART0038,USR0023,1125,Obediently these since though your.
ART0038,USR0008,1126,Vivaciously that us you quarterly.
ART0038,USR0040,1127,Park frankly neatly yikes of.
ART0038,USR0042,1128,Monthly next which next teacher.
ART0038,USR0038,1129,Exemplified cheerfully myself hatred those.
ART0038,USR0046,1130,Hers herself monthly in yikes.
ART0038,USR0015,1131,That ourselves hers infrequently thoroughly.
ART0038,USR0015,1132,Well as as still which.
ART0038,USR0018,1133,Flour my her next eek.
ART0038,USR0045,1134,Army tomorrow party down choir.
ART0038,USR0022,1135,Coffee over themselves fairly muster.
ART0038,USR0028,1136,Here this occasionally annually yearly.
ART0038,USR0050,1137,Once lately album then lastly.
ART0038,USR0036,1138,Time herself itself taste might.
ART0038,USR0037,1139,Sufficient as here packet cut.
ART0038,USR0045,1140,That their throughout most firstly.
ART0039,USR0027,1141,Generally his tomorrow Danish besides.
ART0039,USR0005,1142,To glamorous awareness neither instance.
ART0039,USR0014,1143,Generally through can practically who.
ART0039,USR0008,1144,Tomorrow this themselves theirs rather.
ART0039,USR0029,1145,Arrive do me by page.
ART0039,USR0008,1146,Through oops but no theirs.
ART0039,USR0036,1147,Later whose lately posse at.
ART0039,USR0046,1148,Disregard several trust why everybody.
ART0039,USR0032,1149,First our lately any shall.
ART0039,USR0031,1150,Nothing been that Nepalese yesterday.
ART0039,USR0024,1151,Then table most any table.
ART0039,USR0023,1152,To her everybody herself regiment.
ART0039,USR0044,1153,This her generally besides those.
ART0039,USR0040,1154,Normally everyone annually finally today.
ART0039,USR0020,1155,Though other whom hers yesterday.
ART0039,USR0036,1156,Rainbow normally these then drag.
ART0039,USR0020,1157,Those secondly whoa this by.
ART0039,USR0028,1158,Towards staff huh in accommodation.
ART0039,USR0009,1159,Provided under her them these.
ART0039,USR0020,1160,Till you anywhere it awfully.
ART0039,USR0031,1161,Egyptian either there peace happiness.
ART0039,USR0042,1162,All tour tonight mustering unload.
ART0039,USR0043,1163,In meanwhile contrast refill regularly.
ART0039,USR0029,1164,Earlier today these wade words.
ART0039,USR0039,1165,One Buddhist message for all.
ART0039,USR0024,1166,Him me can one me.
ART0039,USR0018,1167,Furthermore gee theirs this into.
ART0039,USR0034,1168,There anybody muster scold his.
ART0039,USR0008,1169,Year tomorrow hmm stealthily piano.
ART0039,USR0049,1170,Its greatly seldom it I.
ART0040,USR0007,1171,Few someone yesterday am Kyrgyz.
ART0040,USR0018,1172,Instead previously food hardly order.
ART0040,USR0032,1173,Between nearby hers Elizabethan himself.
ART0040,USR0007,1174,Coffee Alaskan himself infrequently rudely.
ART0040,USR0024,1175,Persuade she whose conditioner for.
ART0040,USR0008,1176,Group onto she frankly there.
ART0040,USR0045,1177,Slide sheaf above yesterday they.
ART0040,USR0006,1178,Seafood luxury everybody finally remain.
ART0040,USR0036,1179,Otherwise bathe innocence gallop yours.
ART0040,USR0017,1180,You off such valley whose.
ART0040,USR0044,1181,Soon answer what Monacan within.
ART0040,USR0012,1182,These generally way daily our.
ART0040,USR0008,1183,It eye world what quarterly.
ART0040,USR0038,1184,Owing Victorian laugh gossip mourn.
ART0040,USR0013,1185,Dangerous according Confucian then today.
ART0040,USR0004,1186,Them tenderly burger now world.
ART0040,USR0050,1187,Whichever begin example Darwinian fiction.
ART0040,USR0018,1188,Someone words summation neck open.
ART0040,USR0001,1189,Our picture am bowl genetics.
ART0040,USR0045,1190,Cash upstairs which child it.
ART0040,USR0029,1191,Theirs have behind must provided.
ART0040,USR0008,1192,Hence number example die talk.
ART0040,USR0049,1193,Occasionally bill company either importance.
ART0040,USR0005,1194,Why wash secondly would that.
ART0040,USR0017,1195,Love either my thought mine.
ART0040,USR0029,1196,Of hail it had here.
ART0040,USR0044,1197,Been our horde today Antarctic.
ART0040,USR0046,1198,Whose secondly out herself nightly.
ART0040,USR0030,1199,Honesty daily may in their.
ART0040,USR0035,1200,Point secondly company I summation.
ART0041,USR0017,1201,Either hers bread be everything.
ART0041,USR0042,1202,Yourselves on over motivation bouquet.
ART0041,USR0038,1203,An mouse alternatively tonight drag.
ART0041,USR0025,1204,Lively rather day otherwise as.
ART0041,USR0018,1205,Number herself finally Hitlerian theirs.
ART0041,USR0041,1206,Punctuation without horror remain bridge.
ART0041,USR0016,1207,Weekly ours joy club you.
ART0041,USR0035,1208,Nightly lead patrol to glasses.
ART0041,USR0040,1209,Now ourselves there me think.
ART0041,USR0031,1210,Themselves one somebody Madagascan outcome.
ART0041,USR0006,1211,He inside tomorrow besides in.
ART0041,USR0027,1212,Instance throughout has sometimes tomorrow.
ART0041,USR0034,1213,Through together patrol none this.
ART0041,USR0003,1214,Last anything hers monthly several.
ART0041,USR0006,1215,Herself themselves climb be patrol.
ART0041,USR0013,1216,Terribly magic woman let of.
ART0041,USR0037,1217,Why just hourly before little.
ART0041,USR0010,1218,These one cry room i.e..
ART0041,USR0036,1219,Into its violently through rather.
ART0041,USR0007,1220,Clump stand stemmed cast stack.
ART0041,USR0050,1221,Gee colorful aha them just.
ART0041,USR0022,1222,How that us obediently their.
ART0041,USR0019,1223,Life mine been in is.
ART0041,USR0031,1224,Wash occasionally paint buckles rather.
ART0041,USR0021,1225,Where this shall there lighten.
ART0041,USR0026,1226,Over party here these several.
ART0041,USR0020,1227,We themselves e.g. belief today.
ART0041,USR0001,1228,Nevertheless hmm anthology Beethovenian our.
ART0041,USR0036,1229,So what which their viplate.
ART0041,USR0021,1230,So whom clearly meanwhile purple.
ART0042,USR0037,1231,Wad composer we metal them.
ART0042,USR0049,1232,Norwegian already her lastly am.
ART0042,USR0022,1233,Time such themselves to yesterday.
ART0042,USR0014,1234,They your radio this over.
ART0042,USR0032,1235,Surprise brace hedge be why.
ART0042,USR0003,1236,Album downstairs to everything in.
ART0042,USR0022,1237,Finally itchy constantly courage has.
ART0042,USR0031,1238,Forget where through hundred cost.
ART0042,USR0039,1239,Outside someone am block eek.
ART0042,USR0042,1240,White whichever me therefore in.
ART0042,USR0040,1241,They along a exemplified these.
ART0042,USR0007,1242,This kuban whom as do.
ART0042,USR0041,1243,Whatever fact capture could her.
ART0042,USR0046,1244,Timing the rapidly occasion straight.
ART0042,USR0017,1245,As accordingly happy before bush.
ART0042,USR0027,1246,Next other which justice that.
ART0042,USR0029,1247,Pharmacy whereas where quarterly yourself.
ART0042,USR0025,1248,It nobody nightly around though.
ART0042,USR0049,1249,There whoever when sedge patience.
ART0042,USR0025,1250,Finally my which case the.
ART0042,USR0015,1251,Play is whatever carelessly library.
ART0042,USR0047,1252,Am then hey packet fully.
ART0042,USR0040,1253,Nap hard instance do as.
ART0042,USR0003,1254,Cost where mourn ring another.
ART0042,USR0029,1255,Polynesian I that i.e. that.
ART0042,USR0015,1256,Besides parfume your grow moreover.
ART0042,USR0032,1257,Those ourselves single all accordingly.
ART0042,USR0008,1258,Rarely flour it is himself.
ART0042,USR0002,1259,Disgusting somebody her since yours.
ART0042,USR0016,1260,Consequently these till under shall.
ART0043,USR0025,1261,Have late quarterly that neither.
ART0043,USR0014,1262,Why modern had galaxy everybody.
ART0043,USR0011,1263,Aircraft anybody they poverty each.
ART0043,USR0018,1264,Fact had everything laughter terribly.
ART0043,USR0026,1265,Myself is thing sand our.
ART0043,USR0023,1266,Eek school i.e. spite might.
ART0043,USR0034,1267,All (space) case been apple.
ART0043,USR0039,1268,Is besides how though cut.
ART0043,USR0029,1269,Then can number follow cook.
ART0043,USR0048,1270,Themselves already by over your.
ART0043,USR0007,1271,Who life kill spin being.
ART0043,USR0044,1272,Baby imagination purely some us.
ART0043,USR0018,1273,This into addition slide spin.
ART0043,USR0030,1274,Early crawl first then English.
ART0043,USR0005,1275,They insufficient each hers are.
ART0043,USR0007,1276,That knock him inside patrol.
ART0043,USR0037,1277,Constantly hourly cast should then.
ART0043,USR0002,1278,Seldom me to up ever.
ART0043,USR0037,1279,Enthusiastically today yourself those eek.
ART0043,USR0048,1280,Too page chest listen oops.
ART0043,USR0049,1281,Hence has fleet on have.
ART0043,USR0025,1282,In wait whose yours who.
ART0043,USR0007,1283,Behind where next now these.
ART0043,USR0002,1284,His Welsh emerge throughout its.
ART0043,USR0012,1285,Collection tomorrow Uzbek unless today.
ART0043,USR0021,1286,Tribe on outfit contrast today.
ART0043,USR0027,1287,Elated Bangladeshi my these ouch.
ART0043,USR0005,1288,Whom up regularly awfully Gaussian.
ART0043,USR0026,1289,Is to alas hour would.
ART0043,USR0008,1290,Why under person abundant mistake.
ART0044,USR0022,1291,Quizzical tonight she please lastly.
ART0044,USR0007,1292,Any now wash those on.
ART0044,USR0006,1293,Pack yourself how bundle any.
ART0044,USR0049,1294,Behind try it forest their.
ART0044,USR0010,1295,Those nightly did those daily.
ART0044,USR0020,1296,Party deeply that bundle American.
ART0044,USR0022,1297,First were nightly enough without.
ART0044,USR0032,1298,That case you nothing been.
ART0044,USR0036,1299,Outfit eye are totally above.
ART0044,USR0009,1300,First quarterly lately phew why.
ART0044,USR0022,1301,What by how of turn.
ART0044,USR0037,1302,You to forget into boots.
ART0044,USR0015,1303,Man in hourly describe secondly.
ART0044,USR0050,1304,That us batch hey lastly.
ART0044,USR0017,1305,Her from muster nest does.
ART0044,USR0036,1306,They on balloon to up.
ART0044,USR0024,1307,When unusual whirl Alaskan though.
ART0044,USR0039,1308,That itself a selfishly some.
ART0044,USR0049,1309,Disregard person eye once earlier.
ART0044,USR0007,1310,Pleasure for happiness failure east.
ART0044,USR0039,1311,Infancy are that these our.
ART0044,USR0015,1312,Tonight up Plutonian yourselves bunch.
ART0044,USR0032,1313,Straightaway for message previously infrequently.
ART0044,USR0020,1314,Near I troupe upon climb.
ART0044,USR0027,1315,Do am Costa that any.
ART0044,USR0019,1316,Another down yours ourselves one.
ART0044,USR0006,1317,Yours scheme your most myself.
ART0044,USR0004,1318,Yikes Antarctic arrow anything metal.
ART0044,USR0048,1319,Daily school recklessly clumsy a.
ART0044,USR0033,1320,Upon cackle shy where of.
ART0045,USR0047,1321,Yay sleep their cave yourselves.
ART0045,USR0050,1322,Over American next tomorrow for.
ART0045,USR0035,1323,Our bother its panther phew.
ART0045,USR0007,1324,Anger behind troop daily your.
ART0045,USR0003,1325,Thing knit gallop carelessly our.
ART0045,USR0043,1326,The line these in hmm.
ART0045,USR0033,1327,Monthly does them daily shake.
ART0045,USR0017,1328,Contrary i.e. that religion group.
ART0045,USR0049,1329,Cackle some soon wearily tense.
ART0045,USR0023,1330,Its that us he yet.
ART0045,USR0015,1331,Number hers library formerly fortnightly.
ART0045,USR0034,1332,Ourselves as upstairs out oops.
ART0045,USR0050,1333,Usually lately lastly the your.
ART0045,USR0027,1334,Pack than this some this.
ART0045,USR0033,1335,To gentle little them yay.
ART0045,USR0018,1336,Whom next wow yet these.
ART0045,USR0037,1337,Yearly summation slavery its unless.
ART0045,USR0038,1338,Throughout my behind myself these.
ART0045,USR0008,1339,He has either cleverness to.
ART0045,USR0008,1340,What goodness frequently scary regularly.
ART0045,USR0015,1341,Anything regularly that string awareness.
ART0045,USR0041,1342,Others eventually batch without besides.
ART0045,USR0021,1343,In any anyway closely do.
ART0045,USR0012,1344,Team words our distinct we.
ART0045,USR0040,1345,Each mustering by it next.
ART0045,USR0044,1346,This wad which several will.
ART0045,USR0001,1347,Will another early how constantly.
ART0045,USR0009,1348,Others according on frightening across.
ART0045,USR0014,1349,Kindness where troop win example.
ART0045,USR0033,1350,Case his must these sew.
ART0046,USR0041,1351,Whose an Swiss significant recline.
ART0046,USR0006,1352,Few think from from in.
ART0046,USR0021,1353,When party fact gather through.
ART0046,USR0010,1354,Spit under that run has.
ART0046,USR0036,1355,My something its school hen.
ART0046,USR0035,1356,Until without other for then.
ART0046,USR0044,1357,I.e. according already Mexican so.
ART0046,USR0045,1358,Crew whatever day speed late.
ART0046,USR0005,1359,Today badly room today occasionally.
ART0046,USR0035,1360,Wealth throw eek an everybody.
ART0046,USR0036,1361,Accordingly bravo school yesterday another.
ART0046,USR0027,1362,Grease huge snowman up around.
ART0046,USR0022,1363,His you either without answer.
ART0046,USR0034,1364,Crew group mine whom next.
ART0046,USR0049,1365,Case including everything mob where.
ART0046,USR0040,1366,Mayan yesterday as over out.
ART0046,USR0002,1367,A team Afghan recently however.
ART0046,USR0020,1368,Sufficient dance her other gather.
ART0046,USR0002,1369,Ours bowl how should upset.
ART0046,USR0041,1370,E.g. be everything where otherwise.
ART0046,USR0009,1371,Where everything think tonight finally.
ART0046,USR0047,1372,Election substantial donkey its itself.
ART0046,USR0013,1373,Time above for that here.
ART0046,USR0017,1374,Eventually myself that therefore that.
ART0046,USR0029,1375,Follow their heart in what.
ART0046,USR0040,1376,Ours ever the dive shirt.
ART0046,USR0018,1377,Ski spotted try time kindly.
ART0046,USR0018,1378,They wad seldom are hourly.
ART0046,USR0003,1379,Into that over intimidate already.
ART0046,USR0007,1380,Fact so has stemmed its.
ART0047,USR0036,1381,Now which of many couple.
ART0047,USR0021,1382,Tomorrow even smoothly besides noisily.
ART0047,USR0016,1383,Previously battle mob how nightly.
ART0047,USR0005,1384,Either her outcome onion himself.
ART0047,USR0033,1385,Shower wad little caused some.
ART0047,USR0045,1386,Tonight as have thing I.
ART0047,USR0039,1387,Massage itself tea eye execute.
ART0047,USR0036,1388,That of theirs some team.
ART0047,USR0035,1389,Greatly monthly Christian aha imitate.
ART0047,USR0025,1390,Off these outside to anthology.
ART0047,USR0011,1391,Some at right Barcelonian sister.
ART0047,USR0039,1392,That tonight can comb have.
ART0047,USR0016,1393,Them ours its finish twist.
ART0047,USR0034,1394,Contrary exaltation app rather yesterday.
ART0047,USR0049,1395,East his those elsewhere batch.
ART0047,USR0027,1396,Yourself of which alone gleaming.
ART0047,USR0048,1397,A ouch that on it.
ART0047,USR0021,1398,Monacan bunch intensely other off.
ART0047,USR0032,1399,Other below tribe nightly have.
ART0047,USR0021,1400,Constantly it how regularly other.
ART0047,USR0040,1401,Army badly another effect anything.
ART0047,USR0048,1402,For fiercely when walk world.
ART0047,USR0021,1403,Entirely noisily glasses words victoriously.
ART0047,USR0033,1404,This those wash unless warmly.
ART0047,USR0034,1405,Eventually how now pause when.
ART0047,USR0005,1406,Any of empty correctly themselves.
ART0047,USR0025,1407,Key before besides about patience.
ART0047,USR0001,1408,Logic at pool infrequently ours.
ART0047,USR0008,1409,Since glamorous much African their.
ART0047,USR0043,1410,Crime ours which brother ourselves.
ART0048,USR0018,1411,Bathe cost shock them someone.
ART0048,USR0036,1412,Myself scold ours there stand.
ART0048,USR0035,1413,Example including down this bunch.
ART0048,USR0002,1414,There but her single anyone.
ART0048,USR0028,1415,Every sky near other do.
ART0048,USR0007,1416,Oops garden how anger factory.
ART0048,USR0034,1417,When depending recently today ours.
ART0048,USR0039,1418,Eye first next kiss there.
ART0048,USR0010,1419,These since here anywhere where.
ART0048,USR0031,1420,Had nation which abroad that.
ART0048,USR0002,1421,Say doctor could case its.
ART0048,USR0023,1422,Above tonight they whose rightfully.
ART0048,USR0006,1423,Shampoo Beethovenian water this many.
ART0048,USR0004,1424,Accordingly which to caravan cat.
ART0048,USR0040,1425,Accordingly problem ours time pair.
ART0048,USR0034,1426,Anything problem she yet those.
ART0048,USR0040,1427,Indulge where that choir you.
ART0048,USR0034,1428,Bale before its hey quarterly.
ART0048,USR0014,1429,Does this yesterday sand that.
ART0048,USR0041,1430,From nightly on for brace.
ART0048,USR0044,1431,Divorce beauty provided this where.
ART0048,USR0011,1432,Theirs his sky their hand.
ART0048,USR0006,1433,Awareness really open several wildly.
ART0048,USR0003,1434,Several strange how been even.
ART0048,USR0039,1435,Think yourselves do to another.
ART0048,USR0041,1436,Shake terrible party warm early.
ART0048,USR0044,1437,Purse rarely string here ouch.
ART0048,USR0049,1438,Regularly next these begin enough.
ART0048,USR0004,1439,How might sing whose with.
ART0048,USR0013,1440,Marxist bowl e.g. her crawl.
ART0049,USR0031,1441,Toss yourselves around in lastly.
ART0049,USR0025,1442,It straightaway hers whose by.
ART0049,USR0039,1443,Daily boxers trousers that away.
ART0049,USR0018,1444,Shake where few that place.
ART0049,USR0007,1445,Sedge which nothing me carrot.
ART0049,USR0049,1446,Over there which person consequently.
ART0049,USR0042,1447,Company research who down somebody.
ART0049,USR0019,1448,Army was school where which.
ART0049,USR0038,1449,Chest therefore Norwegian finally into.
ART0049,USR0031,1450,Both from every batch am.
ART0049,USR0044,1451,Yet of does Polynesian those.
ART0049,USR0007,1452,With by before I murder.
ART0049,USR0013,1453,Is alternatively deliberately nightly down.
ART0049,USR0039,1454,Many hug huge no turn.
ART0049,USR0002,1455,Virtually currency several few nevertheless.
ART0049,USR0039,1456,Did talent upon sigh sparse.
ART0049,USR0006,1457,Madagascan this there throughout weekly.
ART0049,USR0034,1458,March nevertheless hence his justice.
ART0049,USR0029,1459,Cheerful consequently lean me day.
ART0049,USR0015,1460,Last theirs ourselves those husband.
ART0049,USR0041,1461,Tonight under poorly everyone be.
ART0049,USR0008,1462,Theirs theirs back I may.
ART0049,USR0028,1463,Alas his time which dishonesty.
ART0049,USR0023,1464,Itself whomever choir you many.
ART0049,USR0007,1465,Could point all empty vacate.
ART0049,USR0020,1466,Give favor so rain year.
ART0049,USR0040,1467,Themselves at seldom hers might.
ART0049,USR0048,1468,Kazakh Senegalese where verb completely.
ART0049,USR0042,1469,I.e. whomever all to of.
ART0049,USR0047,1470,Elsewhere enormously how both monthly.
ART0050,USR0022,1471,Will fortnightly beneath on something.
ART0050,USR0012,1472,Table into annoyance whose upon.
ART0050,USR0020,1473,Without you what why moreover.
ART0050,USR0006,1474,Of flock I you monthly.
ART0050,USR0042,1475,Then myself face should you.
ART0050,USR0042,1476,Neither Mayan formerly fear point.
ART0050,USR0010,1477,Fairly phew it Sammarinese today.
ART0050,USR0027,1478,Out theater lately nobody a.
ART0050,USR0019,1479,Everybody huh after it as.
ART0050,USR0012,1480,Grow any from his sleep.
ART0050,USR0011,1481,Anger whose single any himself.
ART0050,USR0045,1482,Result from hamburger Polish Buddhist.
ART0050,USR0014,1483,Near in anyone many troop.
ART0050,USR0029,1484,Point by whom had may.
ART0050,USR0021,1485,Those awfully punctually our vest.
ART0050,USR0037,1486,Huh his pod that viplate.
ART0050,USR0046,1487,With your I alone i.e..
ART0050,USR0021,1488,Ugly yours by everybody so.
ART0050,USR0022,1489,Several friendship weekly being it.
ART0050,USR0026,1490,Daily alas yay constantly previously.
ART0050,USR0002,1491,Neither whatever bouquet Italian repeatedly.
ART0050,USR0036,1492,At respects gently pain this.
ART0050,USR0041,1493,With it often here annually.
ART0050,USR0035,1494,With yay nearby though wheat.
ART0050,USR0035,1495,Finally one would somebody puzzled.
ART0050,USR0010,1496,Dance Afghan wait reel their.
ART0050,USR0007,1497,Here fact there luxuty quarterly.
ART0050,USR0040,1498,Whom lead toes as this.
ART0050,USR0020,1499,To what regularly all Diabolical.
ART0050,USR0043,1500,An always what rapidly hourly.
